timestamp,face_path,left_eye_path,right_eye_path,face_grid_path,gaze_x,gaze_y
20250528_173715_747402,추가데이터_연구실/face_images/20250528_173715_747402.jpg,추가데이터_연구실/eye_left/20250528_173715_747402.jpg,추가데이터_연구실/eye_right/20250528_173715_747402.jpg,추가데이터_연구실/face_grid/20250528_173715_747402.npy,32,36
20250528_173716_007030,추가데이터_연구실/face_images/20250528_173716_007030.jpg,추가데이터_연구실/eye_left/20250528_173716_007030.jpg,추가데이터_연구실/eye_right/20250528_173716_007030.jpg,추가데이터_연구실/face_grid/20250528_173716_007030.npy,32,36
20250528_173716_248372,추가데이터_연구실/face_images/20250528_173716_248372.jpg,추가데이터_연구실/eye_left/20250528_173716_248372.jpg,추가데이터_연구실/eye_right/20250528_173716_248372.jpg,추가데이터_연구실/face_grid/20250528_173716_248372.npy,32,36
20250528_173716_498508,추가데이터_연구실/face_images/20250528_173716_498508.jpg,추가데이터_연구실/eye_left/20250528_173716_498508.jpg,추가데이터_연구실/eye_right/20250528_173716_498508.jpg,추가데이터_연구실/face_grid/20250528_173716_498508.npy,32,36
20250528_173743_685320,추가데이터_연구실/face_images/20250528_173743_685320.jpg,추가데이터_연구실/eye_left/20250528_173743_685320.jpg,추가데이터_연구실/eye_right/20250528_173743_685320.jpg,추가데이터_연구실/face_grid/20250528_173743_685320.npy,32,36
20250528_173743_942862,추가데이터_연구실/face_images/20250528_173743_942862.jpg,추가데이터_연구실/eye_left/20250528_173743_942862.jpg,추가데이터_연구실/eye_right/20250528_173743_942862.jpg,추가데이터_연구실/face_grid/20250528_173743_942862.npy,32,36
20250528_173744_185505,추가데이터_연구실/face_images/20250528_173744_185505.jpg,추가데이터_연구실/eye_left/20250528_173744_185505.jpg,추가데이터_연구실/eye_right/20250528_173744_185505.jpg,추가데이터_연구실/face_grid/20250528_173744_185505.npy,32,36
20250528_173744_436622,추가데이터_연구실/face_images/20250528_173744_436622.jpg,추가데이터_연구실/eye_left/20250528_173744_436622.jpg,추가데이터_연구실/eye_right/20250528_173744_436622.jpg,추가데이터_연구실/face_grid/20250528_173744_436622.npy,32,36
20250528_173746_880078,추가데이터_연구실/face_images/20250528_173746_880078.jpg,추가데이터_연구실/eye_left/20250528_173746_880078.jpg,추가데이터_연구실/eye_right/20250528_173746_880078.jpg,추가데이터_연구실/face_grid/20250528_173746_880078.npy,480,36
20250528_173747_130000,추가데이터_연구실/face_images/20250528_173747_130000.jpg,추가데이터_연구실/eye_left/20250528_173747_130000.jpg,추가데이터_연구실/eye_right/20250528_173747_130000.jpg,추가데이터_연구실/face_grid/20250528_173747_130000.npy,480,36
20250528_173747_370430,추가데이터_연구실/face_images/20250528_173747_370430.jpg,추가데이터_연구실/eye_left/20250528_173747_370430.jpg,추가데이터_연구실/eye_right/20250528_173747_370430.jpg,추가데이터_연구실/face_grid/20250528_173747_370430.npy,480,36
20250528_173747_620339,추가데이터_연구실/face_images/20250528_173747_620339.jpg,추가데이터_연구실/eye_left/20250528_173747_620339.jpg,추가데이터_연구실/eye_right/20250528_173747_620339.jpg,추가데이터_연구실/face_grid/20250528_173747_620339.npy,480,36
20250528_173750_880406,추가데이터_연구실/face_images/20250528_173750_880406.jpg,추가데이터_연구실/eye_left/20250528_173750_880406.jpg,추가데이터_연구실/eye_right/20250528_173750_880406.jpg,추가데이터_연구실/face_grid/20250528_173750_880406.npy,928,36
20250528_173751_132122,추가데이터_연구실/face_images/20250528_173751_132122.jpg,추가데이터_연구실/eye_left/20250528_173751_132122.jpg,추가데이터_연구실/eye_right/20250528_173751_132122.jpg,추가데이터_연구실/face_grid/20250528_173751_132122.npy,928,36
20250528_173751_376320,추가데이터_연구실/face_images/20250528_173751_376320.jpg,추가데이터_연구실/eye_left/20250528_173751_376320.jpg,추가데이터_연구실/eye_right/20250528_173751_376320.jpg,추가데이터_연구실/face_grid/20250528_173751_376320.npy,928,36
20250528_173751_628824,추가데이터_연구실/face_images/20250528_173751_628824.jpg,추가데이터_연구실/eye_left/20250528_173751_628824.jpg,추가데이터_연구실/eye_right/20250528_173751_628824.jpg,추가데이터_연구실/face_grid/20250528_173751_628824.npy,928,36
20250528_173756_481618,추가데이터_연구실/face_images/20250528_173756_481618.jpg,추가데이터_연구실/eye_left/20250528_173756_481618.jpg,추가데이터_연구실/eye_right/20250528_173756_481618.jpg,추가데이터_연구실/face_grid/20250528_173756_481618.npy,1376,36
20250528_173756_732577,추가데이터_연구실/face_images/20250528_173756_732577.jpg,추가데이터_연구실/eye_left/20250528_173756_732577.jpg,추가데이터_연구실/eye_right/20250528_173756_732577.jpg,추가데이터_연구실/face_grid/20250528_173756_732577.npy,1376,36
20250528_173756_973900,추가데이터_연구실/face_images/20250528_173756_973900.jpg,추가데이터_연구실/eye_left/20250528_173756_973900.jpg,추가데이터_연구실/eye_right/20250528_173756_973900.jpg,추가데이터_연구실/face_grid/20250528_173756_973900.npy,1376,36
20250528_173757_225018,추가데이터_연구실/face_images/20250528_173757_225018.jpg,추가데이터_연구실/eye_left/20250528_173757_225018.jpg,추가데이터_연구실/eye_right/20250528_173757_225018.jpg,추가데이터_연구실/face_grid/20250528_173757_225018.npy,1376,36
20250528_173800_879997,추가데이터_연구실/face_images/20250528_173800_879997.jpg,추가데이터_연구실/eye_left/20250528_173800_879997.jpg,추가데이터_연구실/eye_right/20250528_173800_879997.jpg,추가데이터_연구실/face_grid/20250528_173800_879997.npy,1888,36
20250528_173801_131327,추가데이터_연구실/face_images/20250528_173801_131327.jpg,추가데이터_연구실/eye_left/20250528_173801_131327.jpg,추가데이터_연구실/eye_right/20250528_173801_131327.jpg,추가데이터_연구실/face_grid/20250528_173801_131327.npy,1888,36
20250528_173801_373445,추가데이터_연구실/face_images/20250528_173801_373445.jpg,추가데이터_연구실/eye_left/20250528_173801_373445.jpg,추가데이터_연구실/eye_right/20250528_173801_373445.jpg,추가데이터_연구실/face_grid/20250528_173801_373445.npy,1888,36
20250528_173801_624899,추가데이터_연구실/face_images/20250528_173801_624899.jpg,추가데이터_연구실/eye_left/20250528_173801_624899.jpg,추가데이터_연구실/eye_right/20250528_173801_624899.jpg,추가데이터_연구실/face_grid/20250528_173801_624899.npy,1888,36
20250528_173806_479508,추가데이터_연구실/face_images/20250528_173806_479508.jpg,추가데이터_연구실/eye_left/20250528_173806_479508.jpg,추가데이터_연구실/eye_right/20250528_173806_479508.jpg,추가데이터_연구실/face_grid/20250528_173806_479508.npy,32,252
20250528_173806_730075,추가데이터_연구실/face_images/20250528_173806_730075.jpg,추가데이터_연구실/eye_left/20250528_173806_730075.jpg,추가데이터_연구실/eye_right/20250528_173806_730075.jpg,추가데이터_연구실/face_grid/20250528_173806_730075.npy,32,252
20250528_173806_970714,추가데이터_연구실/face_images/20250528_173806_970714.jpg,추가데이터_연구실/eye_left/20250528_173806_970714.jpg,추가데이터_연구실/eye_right/20250528_173806_970714.jpg,추가데이터_연구실/face_grid/20250528_173806_970714.npy,32,252
20250528_173807_221871,추가데이터_연구실/face_images/20250528_173807_221871.jpg,추가데이터_연구실/eye_left/20250528_173807_221871.jpg,추가데이터_연구실/eye_right/20250528_173807_221871.jpg,추가데이터_연구실/face_grid/20250528_173807_221871.npy,32,252
20250528_173812_679442,추가데이터_연구실/face_images/20250528_173812_679442.jpg,추가데이터_연구실/eye_left/20250528_173812_679442.jpg,추가데이터_연구실/eye_right/20250528_173812_679442.jpg,추가데이터_연구실/face_grid/20250528_173812_679442.npy,480,252
20250528_173812_929510,추가데이터_연구실/face_images/20250528_173812_929510.jpg,추가데이터_연구실/eye_left/20250528_173812_929510.jpg,추가데이터_연구실/eye_right/20250528_173812_929510.jpg,추가데이터_연구실/face_grid/20250528_173812_929510.npy,480,252
20250528_173813_169854,추가데이터_연구실/face_images/20250528_173813_169854.jpg,추가데이터_연구실/eye_left/20250528_173813_169854.jpg,추가데이터_연구실/eye_right/20250528_173813_169854.jpg,추가데이터_연구실/face_grid/20250528_173813_169854.npy,480,252
20250528_173813_420804,추가데이터_연구실/face_images/20250528_173813_420804.jpg,추가데이터_연구실/eye_left/20250528_173813_420804.jpg,추가데이터_연구실/eye_right/20250528_173813_420804.jpg,추가데이터_연구실/face_grid/20250528_173813_420804.npy,480,252
20250528_173816_878855,추가데이터_연구실/face_images/20250528_173816_878855.jpg,추가데이터_연구실/eye_left/20250528_173816_878855.jpg,추가데이터_연구실/eye_right/20250528_173816_878855.jpg,추가데이터_연구실/face_grid/20250528_173816_878855.npy,928,252
20250528_173817_128962,추가데이터_연구실/face_images/20250528_173817_128962.jpg,추가데이터_연구실/eye_left/20250528_173817_128962.jpg,추가데이터_연구실/eye_right/20250528_173817_128962.jpg,추가데이터_연구실/face_grid/20250528_173817_128962.npy,928,252
20250528_173817_370273,추가데이터_연구실/face_images/20250528_173817_370273.jpg,추가데이터_연구실/eye_left/20250528_173817_370273.jpg,추가데이터_연구실/eye_right/20250528_173817_370273.jpg,추가데이터_연구실/face_grid/20250528_173817_370273.npy,928,252
20250528_173817_621407,추가데이터_연구실/face_images/20250528_173817_621407.jpg,추가데이터_연구실/eye_left/20250528_173817_621407.jpg,추가데이터_연구실/eye_right/20250528_173817_621407.jpg,추가데이터_연구실/face_grid/20250528_173817_621407.npy,928,252
20250528_173821_480985,추가데이터_연구실/face_images/20250528_173821_480985.jpg,추가데이터_연구실/eye_left/20250528_173821_480985.jpg,추가데이터_연구실/eye_right/20250528_173821_480985.jpg,추가데이터_연구실/face_grid/20250528_173821_480985.npy,1376,252
20250528_173821_730044,추가데이터_연구실/face_images/20250528_173821_730044.jpg,추가데이터_연구실/eye_left/20250528_173821_730044.jpg,추가데이터_연구실/eye_right/20250528_173821_730044.jpg,추가데이터_연구실/face_grid/20250528_173821_730044.npy,1376,252
20250528_173821_970210,추가데이터_연구실/face_images/20250528_173821_970210.jpg,추가데이터_연구실/eye_left/20250528_173821_970210.jpg,추가데이터_연구실/eye_right/20250528_173821_970210.jpg,추가데이터_연구실/face_grid/20250528_173821_970210.npy,1376,252
20250528_173822_221419,추가데이터_연구실/face_images/20250528_173822_221419.jpg,추가데이터_연구실/eye_left/20250528_173822_221419.jpg,추가데이터_연구실/eye_right/20250528_173822_221419.jpg,추가데이터_연구실/face_grid/20250528_173822_221419.npy,1376,252
20250528_173826_880772,추가데이터_연구실/face_images/20250528_173826_880772.jpg,추가데이터_연구실/eye_left/20250528_173826_880772.jpg,추가데이터_연구실/eye_right/20250528_173826_880772.jpg,추가데이터_연구실/face_grid/20250528_173826_880772.npy,1888,252
20250528_173827_133505,추가데이터_연구실/face_images/20250528_173827_133505.jpg,추가데이터_연구실/eye_left/20250528_173827_133505.jpg,추가데이터_연구실/eye_right/20250528_173827_133505.jpg,추가데이터_연구실/face_grid/20250528_173827_133505.npy,1888,252
20250528_173827_374130,추가데이터_연구실/face_images/20250528_173827_374130.jpg,추가데이터_연구실/eye_left/20250528_173827_374130.jpg,추가데이터_연구실/eye_right/20250528_173827_374130.jpg,추가데이터_연구실/face_grid/20250528_173827_374130.npy,1888,252
20250528_173827_625415,추가데이터_연구실/face_images/20250528_173827_625415.jpg,추가데이터_연구실/eye_left/20250528_173827_625415.jpg,추가데이터_연구실/eye_right/20250528_173827_625415.jpg,추가데이터_연구실/face_grid/20250528_173827_625415.npy,1888,252
20250528_173831_878906,추가데이터_연구실/face_images/20250528_173831_878906.jpg,추가데이터_연구실/eye_left/20250528_173831_878906.jpg,추가데이터_연구실/eye_right/20250528_173831_878906.jpg,추가데이터_연구실/face_grid/20250528_173831_878906.npy,32,540
20250528_173832_127369,추가데이터_연구실/face_images/20250528_173832_127369.jpg,추가데이터_연구실/eye_left/20250528_173832_127369.jpg,추가데이터_연구실/eye_right/20250528_173832_127369.jpg,추가데이터_연구실/face_grid/20250528_173832_127369.npy,32,540
20250528_173832_367901,추가데이터_연구실/face_images/20250528_173832_367901.jpg,추가데이터_연구실/eye_left/20250528_173832_367901.jpg,추가데이터_연구실/eye_right/20250528_173832_367901.jpg,추가데이터_연구실/face_grid/20250528_173832_367901.npy,32,540
20250528_173832_619328,추가데이터_연구실/face_images/20250528_173832_619328.jpg,추가데이터_연구실/eye_left/20250528_173832_619328.jpg,추가데이터_연구실/eye_right/20250528_173832_619328.jpg,추가데이터_연구실/face_grid/20250528_173832_619328.npy,32,540
20250528_173837_286007,추가데이터_연구실/face_images/20250528_173837_286007.jpg,추가데이터_연구실/eye_left/20250528_173837_286007.jpg,추가데이터_연구실/eye_right/20250528_173837_286007.jpg,추가데이터_연구실/face_grid/20250528_173837_286007.npy,480,540
20250528_173837_540254,추가데이터_연구실/face_images/20250528_173837_540254.jpg,추가데이터_연구실/eye_left/20250528_173837_540254.jpg,추가데이터_연구실/eye_right/20250528_173837_540254.jpg,추가데이터_연구실/face_grid/20250528_173837_540254.npy,480,540
20250528_173837_781313,추가데이터_연구실/face_images/20250528_173837_781313.jpg,추가데이터_연구실/eye_left/20250528_173837_781313.jpg,추가데이터_연구실/eye_right/20250528_173837_781313.jpg,추가데이터_연구실/face_grid/20250528_173837_781313.npy,480,540
20250528_173838_033391,추가데이터_연구실/face_images/20250528_173838_033391.jpg,추가데이터_연구실/eye_left/20250528_173838_033391.jpg,추가데이터_연구실/eye_right/20250528_173838_033391.jpg,추가데이터_연구실/face_grid/20250528_173838_033391.npy,480,540
20250528_173842_084223,추가데이터_연구실/face_images/20250528_173842_084223.jpg,추가데이터_연구실/eye_left/20250528_173842_084223.jpg,추가데이터_연구실/eye_right/20250528_173842_084223.jpg,추가데이터_연구실/face_grid/20250528_173842_084223.npy,928,540
20250528_173842_334491,추가데이터_연구실/face_images/20250528_173842_334491.jpg,추가데이터_연구실/eye_left/20250528_173842_334491.jpg,추가데이터_연구실/eye_right/20250528_173842_334491.jpg,추가데이터_연구실/face_grid/20250528_173842_334491.npy,928,540
20250528_173842_575179,추가데이터_연구실/face_images/20250528_173842_575179.jpg,추가데이터_연구실/eye_left/20250528_173842_575179.jpg,추가데이터_연구실/eye_right/20250528_173842_575179.jpg,추가데이터_연구실/face_grid/20250528_173842_575179.npy,928,540
20250528_173842_825835,추가데이터_연구실/face_images/20250528_173842_825835.jpg,추가데이터_연구실/eye_left/20250528_173842_825835.jpg,추가데이터_연구실/eye_right/20250528_173842_825835.jpg,추가데이터_연구실/face_grid/20250528_173842_825835.npy,928,540
20250528_173846_682736,추가데이터_연구실/face_images/20250528_173846_682736.jpg,추가데이터_연구실/eye_left/20250528_173846_682736.jpg,추가데이터_연구실/eye_right/20250528_173846_682736.jpg,추가데이터_연구실/face_grid/20250528_173846_682736.npy,1376,540
20250528_173846_934661,추가데이터_연구실/face_images/20250528_173846_934661.jpg,추가데이터_연구실/eye_left/20250528_173846_934661.jpg,추가데이터_연구실/eye_right/20250528_173846_934661.jpg,추가데이터_연구실/face_grid/20250528_173846_934661.npy,1376,540
20250528_173847_176334,추가데이터_연구실/face_images/20250528_173847_176334.jpg,추가데이터_연구실/eye_left/20250528_173847_176334.jpg,추가데이터_연구실/eye_right/20250528_173847_176334.jpg,추가데이터_연구실/face_grid/20250528_173847_176334.npy,1376,540
20250528_173847_429963,추가데이터_연구실/face_images/20250528_173847_429963.jpg,추가데이터_연구실/eye_left/20250528_173847_429963.jpg,추가데이터_연구실/eye_right/20250528_173847_429963.jpg,추가데이터_연구실/face_grid/20250528_173847_429963.npy,1376,540
20250528_173851_280680,추가데이터_연구실/face_images/20250528_173851_280680.jpg,추가데이터_연구실/eye_left/20250528_173851_280680.jpg,추가데이터_연구실/eye_right/20250528_173851_280680.jpg,추가데이터_연구실/face_grid/20250528_173851_280680.npy,1888,540
20250528_173851_533206,추가데이터_연구실/face_images/20250528_173851_533206.jpg,추가데이터_연구실/eye_left/20250528_173851_533206.jpg,추가데이터_연구실/eye_right/20250528_173851_533206.jpg,추가데이터_연구실/face_grid/20250528_173851_533206.npy,1888,540
20250528_173851_776728,추가데이터_연구실/face_images/20250528_173851_776728.jpg,추가데이터_연구실/eye_left/20250528_173851_776728.jpg,추가데이터_연구실/eye_right/20250528_173851_776728.jpg,추가데이터_연구실/face_grid/20250528_173851_776728.npy,1888,540
20250528_173852_028692,추가데이터_연구실/face_images/20250528_173852_028692.jpg,추가데이터_연구실/eye_left/20250528_173852_028692.jpg,추가데이터_연구실/eye_right/20250528_173852_028692.jpg,추가데이터_연구실/face_grid/20250528_173852_028692.npy,1888,540
20250528_173855_879351,추가데이터_연구실/face_images/20250528_173855_879351.jpg,추가데이터_연구실/eye_left/20250528_173855_879351.jpg,추가데이터_연구실/eye_right/20250528_173855_879351.jpg,추가데이터_연구실/face_grid/20250528_173855_879351.npy,32,756
20250528_173856_129564,추가데이터_연구실/face_images/20250528_173856_129564.jpg,추가데이터_연구실/eye_left/20250528_173856_129564.jpg,추가데이터_연구실/eye_right/20250528_173856_129564.jpg,추가데이터_연구실/face_grid/20250528_173856_129564.npy,32,756
20250528_173856_370992,추가데이터_연구실/face_images/20250528_173856_370992.jpg,추가데이터_연구실/eye_left/20250528_173856_370992.jpg,추가데이터_연구실/eye_right/20250528_173856_370992.jpg,추가데이터_연구실/face_grid/20250528_173856_370992.npy,32,756
20250528_173856_621589,추가데이터_연구실/face_images/20250528_173856_621589.jpg,추가데이터_연구실/eye_left/20250528_173856_621589.jpg,추가데이터_연구실/eye_right/20250528_173856_621589.jpg,추가데이터_연구실/face_grid/20250528_173856_621589.npy,32,756
20250528_173859_682658,추가데이터_연구실/face_images/20250528_173859_682658.jpg,추가데이터_연구실/eye_left/20250528_173859_682658.jpg,추가데이터_연구실/eye_right/20250528_173859_682658.jpg,추가데이터_연구실/face_grid/20250528_173859_682658.npy,480,756
20250528_173859_936550,추가데이터_연구실/face_images/20250528_173859_936550.jpg,추가데이터_연구실/eye_left/20250528_173859_936550.jpg,추가데이터_연구실/eye_right/20250528_173859_936550.jpg,추가데이터_연구실/face_grid/20250528_173859_936550.npy,480,756
20250528_173900_178072,추가데이터_연구실/face_images/20250528_173900_178072.jpg,추가데이터_연구실/eye_left/20250528_173900_178072.jpg,추가데이터_연구실/eye_right/20250528_173900_178072.jpg,추가데이터_연구실/face_grid/20250528_173900_178072.npy,480,756
20250528_173900_428888,추가데이터_연구실/face_images/20250528_173900_428888.jpg,추가데이터_연구실/eye_left/20250528_173900_428888.jpg,추가데이터_연구실/eye_right/20250528_173900_428888.jpg,추가데이터_연구실/face_grid/20250528_173900_428888.npy,480,756
20250528_173907_478938,추가데이터_연구실/face_images/20250528_173907_478938.jpg,추가데이터_연구실/eye_left/20250528_173907_478938.jpg,추가데이터_연구실/eye_right/20250528_173907_478938.jpg,추가데이터_연구실/face_grid/20250528_173907_478938.npy,928,756
20250528_173907_729447,추가데이터_연구실/face_images/20250528_173907_729447.jpg,추가데이터_연구실/eye_left/20250528_173907_729447.jpg,추가데이터_연구실/eye_right/20250528_173907_729447.jpg,추가데이터_연구실/face_grid/20250528_173907_729447.npy,928,756
20250528_173907_971380,추가데이터_연구실/face_images/20250528_173907_971380.jpg,추가데이터_연구실/eye_left/20250528_173907_971380.jpg,추가데이터_연구실/eye_right/20250528_173907_971380.jpg,추가데이터_연구실/face_grid/20250528_173907_971380.npy,928,756
20250528_173908_222907,추가데이터_연구실/face_images/20250528_173908_222907.jpg,추가데이터_연구실/eye_left/20250528_173908_222907.jpg,추가데이터_연구실/eye_right/20250528_173908_222907.jpg,추가데이터_연구실/face_grid/20250528_173908_222907.npy,928,756
20250528_173914_280158,추가데이터_연구실/face_images/20250528_173914_280158.jpg,추가데이터_연구실/eye_left/20250528_173914_280158.jpg,추가데이터_연구실/eye_right/20250528_173914_280158.jpg,추가데이터_연구실/face_grid/20250528_173914_280158.npy,1376,756
20250528_173914_530173,추가데이터_연구실/face_images/20250528_173914_530173.jpg,추가데이터_연구실/eye_left/20250528_173914_530173.jpg,추가데이터_연구실/eye_right/20250528_173914_530173.jpg,추가데이터_연구실/face_grid/20250528_173914_530173.npy,1376,756
20250528_173914_771531,추가데이터_연구실/face_images/20250528_173914_771531.jpg,추가데이터_연구실/eye_left/20250528_173914_771531.jpg,추가데이터_연구실/eye_right/20250528_173914_771531.jpg,추가데이터_연구실/face_grid/20250528_173914_771531.npy,1376,756
20250528_173915_023960,추가데이터_연구실/face_images/20250528_173915_023960.jpg,추가데이터_연구실/eye_left/20250528_173915_023960.jpg,추가데이터_연구실/eye_right/20250528_173915_023960.jpg,추가데이터_연구실/face_grid/20250528_173915_023960.npy,1376,756
20250528_173919_281562,추가데이터_연구실/face_images/20250528_173919_281562.jpg,추가데이터_연구실/eye_left/20250528_173919_281562.jpg,추가데이터_연구실/eye_right/20250528_173919_281562.jpg,추가데이터_연구실/face_grid/20250528_173919_281562.npy,1888,756
20250528_173919_532038,추가데이터_연구실/face_images/20250528_173919_532038.jpg,추가데이터_연구실/eye_left/20250528_173919_532038.jpg,추가데이터_연구실/eye_right/20250528_173919_532038.jpg,추가데이터_연구실/face_grid/20250528_173919_532038.npy,1888,756
20250528_173919_772713,추가데이터_연구실/face_images/20250528_173919_772713.jpg,추가데이터_연구실/eye_left/20250528_173919_772713.jpg,추가데이터_연구실/eye_right/20250528_173919_772713.jpg,추가데이터_연구실/face_grid/20250528_173919_772713.npy,1888,756
20250528_173920_023951,추가데이터_연구실/face_images/20250528_173920_023951.jpg,추가데이터_연구실/eye_left/20250528_173920_023951.jpg,추가데이터_연구실/eye_right/20250528_173920_023951.jpg,추가데이터_연구실/face_grid/20250528_173920_023951.npy,1888,756
20250528_173925_882005,추가데이터_연구실/face_images/20250528_173925_882005.jpg,추가데이터_연구실/eye_left/20250528_173925_882005.jpg,추가데이터_연구실/eye_right/20250528_173925_882005.jpg,추가데이터_연구실/face_grid/20250528_173925_882005.npy,32,1044
20250528_173926_132876,추가데이터_연구실/face_images/20250528_173926_132876.jpg,추가데이터_연구실/eye_left/20250528_173926_132876.jpg,추가데이터_연구실/eye_right/20250528_173926_132876.jpg,추가데이터_연구실/face_grid/20250528_173926_132876.npy,32,1044
20250528_173926_375027,추가데이터_연구실/face_images/20250528_173926_375027.jpg,추가데이터_연구실/eye_left/20250528_173926_375027.jpg,추가데이터_연구실/eye_right/20250528_173926_375027.jpg,추가데이터_연구실/face_grid/20250528_173926_375027.npy,32,1044
20250528_173926_625254,추가데이터_연구실/face_images/20250528_173926_625254.jpg,추가데이터_연구실/eye_left/20250528_173926_625254.jpg,추가데이터_연구실/eye_right/20250528_173926_625254.jpg,추가데이터_연구실/face_grid/20250528_173926_625254.npy,32,1044
20250528_173929_480605,추가데이터_연구실/face_images/20250528_173929_480605.jpg,추가데이터_연구실/eye_left/20250528_173929_480605.jpg,추가데이터_연구실/eye_right/20250528_173929_480605.jpg,추가데이터_연구실/face_grid/20250528_173929_480605.npy,480,1044
20250528_173929_729689,추가데이터_연구실/face_images/20250528_173929_729689.jpg,추가데이터_연구실/eye_left/20250528_173929_729689.jpg,추가데이터_연구실/eye_right/20250528_173929_729689.jpg,추가데이터_연구실/face_grid/20250528_173929_729689.npy,480,1044
20250528_173929_970392,추가데이터_연구실/face_images/20250528_173929_970392.jpg,추가데이터_연구실/eye_left/20250528_173929_970392.jpg,추가데이터_연구실/eye_right/20250528_173929_970392.jpg,추가데이터_연구실/face_grid/20250528_173929_970392.npy,480,1044
20250528_173930_221138,추가데이터_연구실/face_images/20250528_173930_221138.jpg,추가데이터_연구실/eye_left/20250528_173930_221138.jpg,추가데이터_연구실/eye_right/20250528_173930_221138.jpg,추가데이터_연구실/face_grid/20250528_173930_221138.npy,480,1044
20250528_173933_680886,추가데이터_연구실/face_images/20250528_173933_680886.jpg,추가데이터_연구실/eye_left/20250528_173933_680886.jpg,추가데이터_연구실/eye_right/20250528_173933_680886.jpg,추가데이터_연구실/face_grid/20250528_173933_680886.npy,928,1044
20250528_173933_932893,추가데이터_연구실/face_images/20250528_173933_932893.jpg,추가데이터_연구실/eye_left/20250528_173933_932893.jpg,추가데이터_연구실/eye_right/20250528_173933_932893.jpg,추가데이터_연구실/face_grid/20250528_173933_932893.npy,928,1044
20250528_173934_176802,추가데이터_연구실/face_images/20250528_173934_176802.jpg,추가데이터_연구실/eye_left/20250528_173934_176802.jpg,추가데이터_연구실/eye_right/20250528_173934_176802.jpg,추가데이터_연구실/face_grid/20250528_173934_176802.npy,928,1044
20250528_173934_429383,추가데이터_연구실/face_images/20250528_173934_429383.jpg,추가데이터_연구실/eye_left/20250528_173934_429383.jpg,추가데이터_연구실/eye_right/20250528_173934_429383.jpg,추가데이터_연구실/face_grid/20250528_173934_429383.npy,928,1044
20250528_173937_879466,추가데이터_연구실/face_images/20250528_173937_879466.jpg,추가데이터_연구실/eye_left/20250528_173937_879466.jpg,추가데이터_연구실/eye_right/20250528_173937_879466.jpg,추가데이터_연구실/face_grid/20250528_173937_879466.npy,1376,1044
20250528_173938_128615,추가데이터_연구실/face_images/20250528_173938_128615.jpg,추가데이터_연구실/eye_left/20250528_173938_128615.jpg,추가데이터_연구실/eye_right/20250528_173938_128615.jpg,추가데이터_연구실/face_grid/20250528_173938_128615.npy,1376,1044
20250528_173938_368814,추가데이터_연구실/face_images/20250528_173938_368814.jpg,추가데이터_연구실/eye_left/20250528_173938_368814.jpg,추가데이터_연구실/eye_right/20250528_173938_368814.jpg,추가데이터_연구실/face_grid/20250528_173938_368814.npy,1376,1044
20250528_173938_619891,추가데이터_연구실/face_images/20250528_173938_619891.jpg,추가데이터_연구실/eye_left/20250528_173938_619891.jpg,추가데이터_연구실/eye_right/20250528_173938_619891.jpg,추가데이터_연구실/face_grid/20250528_173938_619891.npy,1376,1044
20250528_173942_079378,추가데이터_연구실/face_images/20250528_173942_079378.jpg,추가데이터_연구실/eye_left/20250528_173942_079378.jpg,추가데이터_연구실/eye_right/20250528_173942_079378.jpg,추가데이터_연구실/face_grid/20250528_173942_079378.npy,1888,1044
20250528_173942_328021,추가데이터_연구실/face_images/20250528_173942_328021.jpg,추가데이터_연구실/eye_left/20250528_173942_328021.jpg,추가데이터_연구실/eye_right/20250528_173942_328021.jpg,추가데이터_연구실/face_grid/20250528_173942_328021.npy,1888,1044
20250528_173942_568293,추가데이터_연구실/face_images/20250528_173942_568293.jpg,추가데이터_연구실/eye_left/20250528_173942_568293.jpg,추가데이터_연구실/eye_right/20250528_173942_568293.jpg,추가데이터_연구실/face_grid/20250528_173942_568293.npy,1888,1044
20250528_173942_819317,추가데이터_연구실/face_images/20250528_173942_819317.jpg,추가데이터_연구실/eye_left/20250528_173942_819317.jpg,추가데이터_연구실/eye_right/20250528_173942_819317.jpg,추가데이터_연구실/face_grid/20250528_173942_819317.npy,1888,1044
20250528_174016_555060,추가데이터_연구실/face_images/20250528_174016_555060.jpg,추가데이터_연구실/eye_left/20250528_174016_555060.jpg,추가데이터_연구실/eye_right/20250528_174016_555060.jpg,추가데이터_연구실/face_grid/20250528_174016_555060.npy,32,36
20250528_174016_811292,추가데이터_연구실/face_images/20250528_174016_811292.jpg,추가데이터_연구실/eye_left/20250528_174016_811292.jpg,추가데이터_연구실/eye_right/20250528_174016_811292.jpg,추가데이터_연구실/face_grid/20250528_174016_811292.npy,32,36
20250528_174017_053696,추가데이터_연구실/face_images/20250528_174017_053696.jpg,추가데이터_연구실/eye_left/20250528_174017_053696.jpg,추가데이터_연구실/eye_right/20250528_174017_053696.jpg,추가데이터_연구실/face_grid/20250528_174017_053696.npy,32,36
20250528_174017_305531,추가데이터_연구실/face_images/20250528_174017_305531.jpg,추가데이터_연구실/eye_left/20250528_174017_305531.jpg,추가데이터_연구실/eye_right/20250528_174017_305531.jpg,추가데이터_연구실/face_grid/20250528_174017_305531.npy,32,36
20250528_174020_952184,추가데이터_연구실/face_images/20250528_174020_952184.jpg,추가데이터_연구실/eye_left/20250528_174020_952184.jpg,추가데이터_연구실/eye_right/20250528_174020_952184.jpg,추가데이터_연구실/face_grid/20250528_174020_952184.npy,480,36
20250528_174021_203282,추가데이터_연구실/face_images/20250528_174021_203282.jpg,추가데이터_연구실/eye_left/20250528_174021_203282.jpg,추가데이터_연구실/eye_right/20250528_174021_203282.jpg,추가데이터_연구실/face_grid/20250528_174021_203282.npy,480,36
20250528_174021_444394,추가데이터_연구실/face_images/20250528_174021_444394.jpg,추가데이터_연구실/eye_left/20250528_174021_444394.jpg,추가데이터_연구실/eye_right/20250528_174021_444394.jpg,추가데이터_연구실/face_grid/20250528_174021_444394.npy,480,36
20250528_174021_685477,추가데이터_연구실/face_images/20250528_174021_685477.jpg,추가데이터_연구실/eye_left/20250528_174021_685477.jpg,추가데이터_연구실/eye_right/20250528_174021_685477.jpg,추가데이터_연구실/face_grid/20250528_174021_685477.npy,480,36
20250528_174024_752846,추가데이터_연구실/face_images/20250528_174024_752846.jpg,추가데이터_연구실/eye_left/20250528_174024_752846.jpg,추가데이터_연구실/eye_right/20250528_174024_752846.jpg,추가데이터_연구실/face_grid/20250528_174024_752846.npy,928,36
20250528_174025_002554,추가데이터_연구실/face_images/20250528_174025_002554.jpg,추가데이터_연구실/eye_left/20250528_174025_002554.jpg,추가데이터_연구실/eye_right/20250528_174025_002554.jpg,추가데이터_연구실/face_grid/20250528_174025_002554.npy,928,36
20250528_174025_242815,추가데이터_연구실/face_images/20250528_174025_242815.jpg,추가데이터_연구실/eye_left/20250528_174025_242815.jpg,추가데이터_연구실/eye_right/20250528_174025_242815.jpg,추가데이터_연구실/face_grid/20250528_174025_242815.npy,928,36
20250528_174025_482839,추가데이터_연구실/face_images/20250528_174025_482839.jpg,추가데이터_연구실/eye_left/20250528_174025_482839.jpg,추가데이터_연구실/eye_right/20250528_174025_482839.jpg,추가데이터_연구실/face_grid/20250528_174025_482839.npy,928,36
20250528_174029_154276,추가데이터_연구실/face_images/20250528_174029_154276.jpg,추가데이터_연구실/eye_left/20250528_174029_154276.jpg,추가데이터_연구실/eye_right/20250528_174029_154276.jpg,추가데이터_연구실/face_grid/20250528_174029_154276.npy,1376,36
20250528_174029_402889,추가데이터_연구실/face_images/20250528_174029_402889.jpg,추가데이터_연구실/eye_left/20250528_174029_402889.jpg,추가데이터_연구실/eye_right/20250528_174029_402889.jpg,추가데이터_연구실/face_grid/20250528_174029_402889.npy,1376,36
20250528_174029_881047,추가데이터_연구실/face_images/20250528_174029_881047.jpg,추가데이터_연구실/eye_left/20250528_174029_881047.jpg,추가데이터_연구실/eye_right/20250528_174029_881047.jpg,추가데이터_연구실/face_grid/20250528_174029_881047.npy,1376,36
20250528_174034_152885,추가데이터_연구실/face_images/20250528_174034_152885.jpg,추가데이터_연구실/eye_left/20250528_174034_152885.jpg,추가데이터_연구실/eye_right/20250528_174034_152885.jpg,추가데이터_연구실/face_grid/20250528_174034_152885.npy,1888,36
20250528_174034_403521,추가데이터_연구실/face_images/20250528_174034_403521.jpg,추가데이터_연구실/eye_left/20250528_174034_403521.jpg,추가데이터_연구실/eye_right/20250528_174034_403521.jpg,추가데이터_연구실/face_grid/20250528_174034_403521.npy,1888,36
20250528_174034_644247,추가데이터_연구실/face_images/20250528_174034_644247.jpg,추가데이터_연구실/eye_left/20250528_174034_644247.jpg,추가데이터_연구실/eye_right/20250528_174034_644247.jpg,추가데이터_연구실/face_grid/20250528_174034_644247.npy,1888,36
20250528_174034_885436,추가데이터_연구실/face_images/20250528_174034_885436.jpg,추가데이터_연구실/eye_left/20250528_174034_885436.jpg,추가데이터_연구실/eye_right/20250528_174034_885436.jpg,추가데이터_연구실/face_grid/20250528_174034_885436.npy,1888,36
20250528_174039_751795,추가데이터_연구실/face_images/20250528_174039_751795.jpg,추가데이터_연구실/eye_left/20250528_174039_751795.jpg,추가데이터_연구실/eye_right/20250528_174039_751795.jpg,추가데이터_연구실/face_grid/20250528_174039_751795.npy,32,252
20250528_174040_002146,추가데이터_연구실/face_images/20250528_174040_002146.jpg,추가데이터_연구실/eye_left/20250528_174040_002146.jpg,추가데이터_연구실/eye_right/20250528_174040_002146.jpg,추가데이터_연구실/face_grid/20250528_174040_002146.npy,32,252
20250528_174040_242234,추가데이터_연구실/face_images/20250528_174040_242234.jpg,추가데이터_연구실/eye_left/20250528_174040_242234.jpg,추가데이터_연구실/eye_right/20250528_174040_242234.jpg,추가데이터_연구실/face_grid/20250528_174040_242234.npy,32,252
20250528_174040_481581,추가데이터_연구실/face_images/20250528_174040_481581.jpg,추가데이터_연구실/eye_left/20250528_174040_481581.jpg,추가데이터_연구실/eye_right/20250528_174040_481581.jpg,추가데이터_연구실/face_grid/20250528_174040_481581.npy,32,252
20250528_174043_555555,추가데이터_연구실/face_images/20250528_174043_555555.jpg,추가데이터_연구실/eye_left/20250528_174043_555555.jpg,추가데이터_연구실/eye_right/20250528_174043_555555.jpg,추가데이터_연구실/face_grid/20250528_174043_555555.npy,480,252
20250528_174043_806796,추가데이터_연구실/face_images/20250528_174043_806796.jpg,추가데이터_연구실/eye_left/20250528_174043_806796.jpg,추가데이터_연구실/eye_right/20250528_174043_806796.jpg,추가데이터_연구실/face_grid/20250528_174043_806796.npy,480,252
20250528_174044_047565,추가데이터_연구실/face_images/20250528_174044_047565.jpg,추가데이터_연구실/eye_left/20250528_174044_047565.jpg,추가데이터_연구실/eye_right/20250528_174044_047565.jpg,추가데이터_연구실/face_grid/20250528_174044_047565.npy,480,252
20250528_174044_298303,추가데이터_연구실/face_images/20250528_174044_298303.jpg,추가데이터_연구실/eye_left/20250528_174044_298303.jpg,추가데이터_연구실/eye_right/20250528_174044_298303.jpg,추가데이터_연구실/face_grid/20250528_174044_298303.npy,480,252
20250528_174049_352084,추가데이터_연구실/face_images/20250528_174049_352084.jpg,추가데이터_연구실/eye_left/20250528_174049_352084.jpg,추가데이터_연구실/eye_right/20250528_174049_352084.jpg,추가데이터_연구실/face_grid/20250528_174049_352084.npy,928,252
20250528_174049_601939,추가데이터_연구실/face_images/20250528_174049_601939.jpg,추가데이터_연구실/eye_left/20250528_174049_601939.jpg,추가데이터_연구실/eye_right/20250528_174049_601939.jpg,추가데이터_연구실/face_grid/20250528_174049_601939.npy,928,252
20250528_174049_843578,추가데이터_연구실/face_images/20250528_174049_843578.jpg,추가데이터_연구실/eye_left/20250528_174049_843578.jpg,추가데이터_연구실/eye_right/20250528_174049_843578.jpg,추가데이터_연구실/face_grid/20250528_174049_843578.npy,928,252
20250528_174050_084532,추가데이터_연구실/face_images/20250528_174050_084532.jpg,추가데이터_연구실/eye_left/20250528_174050_084532.jpg,추가데이터_연구실/eye_right/20250528_174050_084532.jpg,추가데이터_연구실/face_grid/20250528_174050_084532.npy,928,252
20250528_174056_952324,추가데이터_연구실/face_images/20250528_174056_952324.jpg,추가데이터_연구실/eye_left/20250528_174056_952324.jpg,추가데이터_연구실/eye_right/20250528_174056_952324.jpg,추가데이터_연구실/face_grid/20250528_174056_952324.npy,1376,252
20250528_174057_203574,추가데이터_연구실/face_images/20250528_174057_203574.jpg,추가데이터_연구실/eye_left/20250528_174057_203574.jpg,추가데이터_연구실/eye_right/20250528_174057_203574.jpg,추가데이터_연구실/face_grid/20250528_174057_203574.npy,1376,252
20250528_174057_445448,추가데이터_연구실/face_images/20250528_174057_445448.jpg,추가데이터_연구실/eye_left/20250528_174057_445448.jpg,추가데이터_연구실/eye_right/20250528_174057_445448.jpg,추가데이터_연구실/face_grid/20250528_174057_445448.npy,1376,252
20250528_174057_686859,추가데이터_연구실/face_images/20250528_174057_686859.jpg,추가데이터_연구실/eye_left/20250528_174057_686859.jpg,추가데이터_연구실/eye_right/20250528_174057_686859.jpg,추가데이터_연구실/face_grid/20250528_174057_686859.npy,1376,252
20250528_174101_352816,추가데이터_연구실/face_images/20250528_174101_352816.jpg,추가데이터_연구실/eye_left/20250528_174101_352816.jpg,추가데이터_연구실/eye_right/20250528_174101_352816.jpg,추가데이터_연구실/face_grid/20250528_174101_352816.npy,1888,252
20250528_174101_603852,추가데이터_연구실/face_images/20250528_174101_603852.jpg,추가데이터_연구실/eye_left/20250528_174101_603852.jpg,추가데이터_연구실/eye_right/20250528_174101_603852.jpg,추가데이터_연구실/face_grid/20250528_174101_603852.npy,1888,252
20250528_174101_843955,추가데이터_연구실/face_images/20250528_174101_843955.jpg,추가데이터_연구실/eye_left/20250528_174101_843955.jpg,추가데이터_연구실/eye_right/20250528_174101_843955.jpg,추가데이터_연구실/face_grid/20250528_174101_843955.npy,1888,252
20250528_174102_085082,추가데이터_연구실/face_images/20250528_174102_085082.jpg,추가데이터_연구실/eye_left/20250528_174102_085082.jpg,추가데이터_연구실/eye_right/20250528_174102_085082.jpg,추가데이터_연구실/face_grid/20250528_174102_085082.npy,1888,252
20250528_174109_153691,추가데이터_연구실/face_images/20250528_174109_153691.jpg,추가데이터_연구실/eye_left/20250528_174109_153691.jpg,추가데이터_연구실/eye_right/20250528_174109_153691.jpg,추가데이터_연구실/face_grid/20250528_174109_153691.npy,32,540
20250528_174109_407074,추가데이터_연구실/face_images/20250528_174109_407074.jpg,추가데이터_연구실/eye_left/20250528_174109_407074.jpg,추가데이터_연구실/eye_right/20250528_174109_407074.jpg,추가데이터_연구실/face_grid/20250528_174109_407074.npy,32,540
20250528_174109_647768,추가데이터_연구실/face_images/20250528_174109_647768.jpg,추가데이터_연구실/eye_left/20250528_174109_647768.jpg,추가데이터_연구실/eye_right/20250528_174109_647768.jpg,추가데이터_연구실/face_grid/20250528_174109_647768.npy,32,540
20250528_174109_899862,추가데이터_연구실/face_images/20250528_174109_899862.jpg,추가데이터_연구실/eye_left/20250528_174109_899862.jpg,추가데이터_연구실/eye_right/20250528_174109_899862.jpg,추가데이터_연구실/face_grid/20250528_174109_899862.npy,32,540
20250528_174113_154495,추가데이터_연구실/face_images/20250528_174113_154495.jpg,추가데이터_연구실/eye_left/20250528_174113_154495.jpg,추가데이터_연구실/eye_right/20250528_174113_154495.jpg,추가데이터_연구실/face_grid/20250528_174113_154495.npy,480,540
20250528_174113_404741,추가데이터_연구실/face_images/20250528_174113_404741.jpg,추가데이터_연구실/eye_left/20250528_174113_404741.jpg,추가데이터_연구실/eye_right/20250528_174113_404741.jpg,추가데이터_연구실/face_grid/20250528_174113_404741.npy,480,540
20250528_174113_645286,추가데이터_연구실/face_images/20250528_174113_645286.jpg,추가데이터_연구실/eye_left/20250528_174113_645286.jpg,추가데이터_연구실/eye_right/20250528_174113_645286.jpg,추가데이터_연구실/face_grid/20250528_174113_645286.npy,480,540
20250528_174113_885921,추가데이터_연구실/face_images/20250528_174113_885921.jpg,추가데이터_연구실/eye_left/20250528_174113_885921.jpg,추가데이터_연구실/eye_right/20250528_174113_885921.jpg,추가데이터_연구실/face_grid/20250528_174113_885921.npy,480,540
20250528_174118_352876,추가데이터_연구실/face_images/20250528_174118_352876.jpg,추가데이터_연구실/eye_left/20250528_174118_352876.jpg,추가데이터_연구실/eye_right/20250528_174118_352876.jpg,추가데이터_연구실/face_grid/20250528_174118_352876.npy,928,540
20250528_174118_606092,추가데이터_연구실/face_images/20250528_174118_606092.jpg,추가데이터_연구실/eye_left/20250528_174118_606092.jpg,추가데이터_연구실/eye_right/20250528_174118_606092.jpg,추가데이터_연구실/face_grid/20250528_174118_606092.npy,928,540
20250528_174118_848874,추가데이터_연구실/face_images/20250528_174118_848874.jpg,추가데이터_연구실/eye_left/20250528_174118_848874.jpg,추가데이터_연구실/eye_right/20250528_174118_848874.jpg,추가데이터_연구실/face_grid/20250528_174118_848874.npy,928,540
20250528_174119_100612,추가데이터_연구실/face_images/20250528_174119_100612.jpg,추가데이터_연구실/eye_left/20250528_174119_100612.jpg,추가데이터_연구실/eye_right/20250528_174119_100612.jpg,추가데이터_연구실/face_grid/20250528_174119_100612.npy,928,540
20250528_174122_555524,추가데이터_연구실/face_images/20250528_174122_555524.jpg,추가데이터_연구실/eye_left/20250528_174122_555524.jpg,추가데이터_연구실/eye_right/20250528_174122_555524.jpg,추가데이터_연구실/face_grid/20250528_174122_555524.npy,1376,540
20250528_174122_807298,추가데이터_연구실/face_images/20250528_174122_807298.jpg,추가데이터_연구실/eye_left/20250528_174122_807298.jpg,추가데이터_연구실/eye_right/20250528_174122_807298.jpg,추가데이터_연구실/face_grid/20250528_174122_807298.npy,1376,540
20250528_174123_054304,추가데이터_연구실/face_images/20250528_174123_054304.jpg,추가데이터_연구실/eye_left/20250528_174123_054304.jpg,추가데이터_연구실/eye_right/20250528_174123_054304.jpg,추가데이터_연구실/face_grid/20250528_174123_054304.npy,1376,540
20250528_174123_307080,추가데이터_연구실/face_images/20250528_174123_307080.jpg,추가데이터_연구실/eye_left/20250528_174123_307080.jpg,추가데이터_연구실/eye_right/20250528_174123_307080.jpg,추가데이터_연구실/face_grid/20250528_174123_307080.npy,1376,540
20250528_174126_754067,추가데이터_연구실/face_images/20250528_174126_754067.jpg,추가데이터_연구실/eye_left/20250528_174126_754067.jpg,추가데이터_연구실/eye_right/20250528_174126_754067.jpg,추가데이터_연구실/face_grid/20250528_174126_754067.npy,1888,540
20250528_174127_004696,추가데이터_연구실/face_images/20250528_174127_004696.jpg,추가데이터_연구실/eye_left/20250528_174127_004696.jpg,추가데이터_연구실/eye_right/20250528_174127_004696.jpg,추가데이터_연구실/face_grid/20250528_174127_004696.npy,1888,540
20250528_174127_246355,추가데이터_연구실/face_images/20250528_174127_246355.jpg,추가데이터_연구실/eye_left/20250528_174127_246355.jpg,추가데이터_연구실/eye_right/20250528_174127_246355.jpg,추가데이터_연구실/face_grid/20250528_174127_246355.npy,1888,540
20250528_174127_487398,추가데이터_연구실/face_images/20250528_174127_487398.jpg,추가데이터_연구실/eye_left/20250528_174127_487398.jpg,추가데이터_연구실/eye_right/20250528_174127_487398.jpg,추가데이터_연구실/face_grid/20250528_174127_487398.npy,1888,540
20250528_174131_153735,추가데이터_연구실/face_images/20250528_174131_153735.jpg,추가데이터_연구실/eye_left/20250528_174131_153735.jpg,추가데이터_연구실/eye_right/20250528_174131_153735.jpg,추가데이터_연구실/face_grid/20250528_174131_153735.npy,32,756
20250528_174131_405774,추가데이터_연구실/face_images/20250528_174131_405774.jpg,추가데이터_연구실/eye_left/20250528_174131_405774.jpg,추가데이터_연구실/eye_right/20250528_174131_405774.jpg,추가데이터_연구실/face_grid/20250528_174131_405774.npy,32,756
20250528_174131_646851,추가데이터_연구실/face_images/20250528_174131_646851.jpg,추가데이터_연구실/eye_left/20250528_174131_646851.jpg,추가데이터_연구실/eye_right/20250528_174131_646851.jpg,추가데이터_연구실/face_grid/20250528_174131_646851.npy,32,756
20250528_174131_888260,추가데이터_연구실/face_images/20250528_174131_888260.jpg,추가데이터_연구실/eye_left/20250528_174131_888260.jpg,추가데이터_연구실/eye_right/20250528_174131_888260.jpg,추가데이터_연구실/face_grid/20250528_174131_888260.npy,32,756
20250528_174135_151083,추가데이터_연구실/face_images/20250528_174135_151083.jpg,추가데이터_연구실/eye_left/20250528_174135_151083.jpg,추가데이터_연구실/eye_right/20250528_174135_151083.jpg,추가데이터_연구실/face_grid/20250528_174135_151083.npy,480,756
20250528_174135_402170,추가데이터_연구실/face_images/20250528_174135_402170.jpg,추가데이터_연구실/eye_left/20250528_174135_402170.jpg,추가데이터_연구실/eye_right/20250528_174135_402170.jpg,추가데이터_연구실/face_grid/20250528_174135_402170.npy,480,756
20250528_174135_644878,추가데이터_연구실/face_images/20250528_174135_644878.jpg,추가데이터_연구실/eye_left/20250528_174135_644878.jpg,추가데이터_연구실/eye_right/20250528_174135_644878.jpg,추가데이터_연구실/face_grid/20250528_174135_644878.npy,480,756
20250528_174135_885917,추가데이터_연구실/face_images/20250528_174135_885917.jpg,추가데이터_연구실/eye_left/20250528_174135_885917.jpg,추가데이터_연구실/eye_right/20250528_174135_885917.jpg,추가데이터_연구실/face_grid/20250528_174135_885917.npy,480,756
20250528_174139_351378,추가데이터_연구실/face_images/20250528_174139_351378.jpg,추가데이터_연구실/eye_left/20250528_174139_351378.jpg,추가데이터_연구실/eye_right/20250528_174139_351378.jpg,추가데이터_연구실/face_grid/20250528_174139_351378.npy,928,756
20250528_174139_603111,추가데이터_연구실/face_images/20250528_174139_603111.jpg,추가데이터_연구실/eye_left/20250528_174139_603111.jpg,추가데이터_연구실/eye_right/20250528_174139_603111.jpg,추가데이터_연구실/face_grid/20250528_174139_603111.npy,928,756
20250528_174139_844265,추가데이터_연구실/face_images/20250528_174139_844265.jpg,추가데이터_연구실/eye_left/20250528_174139_844265.jpg,추가데이터_연구실/eye_right/20250528_174139_844265.jpg,추가데이터_연구실/face_grid/20250528_174139_844265.npy,928,756
20250528_174140_085469,추가데이터_연구실/face_images/20250528_174140_085469.jpg,추가데이터_연구실/eye_left/20250528_174140_085469.jpg,추가데이터_연구실/eye_right/20250528_174140_085469.jpg,추가데이터_연구실/face_grid/20250528_174140_085469.npy,928,756
20250528_174143_752150,추가데이터_연구실/face_images/20250528_174143_752150.jpg,추가데이터_연구실/eye_left/20250528_174143_752150.jpg,추가데이터_연구실/eye_right/20250528_174143_752150.jpg,추가데이터_연구실/face_grid/20250528_174143_752150.npy,1376,756
20250528_174144_003333,추가데이터_연구실/face_images/20250528_174144_003333.jpg,추가데이터_연구실/eye_left/20250528_174144_003333.jpg,추가데이터_연구실/eye_right/20250528_174144_003333.jpg,추가데이터_연구실/face_grid/20250528_174144_003333.npy,1376,756
20250528_174144_244543,추가데이터_연구실/face_images/20250528_174144_244543.jpg,추가데이터_연구실/eye_left/20250528_174144_244543.jpg,추가데이터_연구실/eye_right/20250528_174144_244543.jpg,추가데이터_연구실/face_grid/20250528_174144_244543.npy,1376,756
20250528_174144_485439,추가데이터_연구실/face_images/20250528_174144_485439.jpg,추가데이터_연구실/eye_left/20250528_174144_485439.jpg,추가데이터_연구실/eye_right/20250528_174144_485439.jpg,추가데이터_연구실/face_grid/20250528_174144_485439.npy,1376,756
20250528_174146_948071,추가데이터_연구실/face_images/20250528_174146_948071.jpg,추가데이터_연구실/eye_left/20250528_174146_948071.jpg,추가데이터_연구실/eye_right/20250528_174146_948071.jpg,추가데이터_연구실/face_grid/20250528_174146_948071.npy,1888,756
20250528_174147_197836,추가데이터_연구실/face_images/20250528_174147_197836.jpg,추가데이터_연구실/eye_left/20250528_174147_197836.jpg,추가데이터_연구실/eye_right/20250528_174147_197836.jpg,추가데이터_연구실/face_grid/20250528_174147_197836.npy,1888,756
20250528_174147_447553,추가데이터_연구실/face_images/20250528_174147_447553.jpg,추가데이터_연구실/eye_left/20250528_174147_447553.jpg,추가데이터_연구실/eye_right/20250528_174147_447553.jpg,추가데이터_연구실/face_grid/20250528_174147_447553.npy,1888,756
20250528_174147_690038,추가데이터_연구실/face_images/20250528_174147_690038.jpg,추가데이터_연구실/eye_left/20250528_174147_690038.jpg,추가데이터_연구실/eye_right/20250528_174147_690038.jpg,추가데이터_연구실/face_grid/20250528_174147_690038.npy,1888,756
20250528_174151_346596,추가데이터_연구실/face_images/20250528_174151_346596.jpg,추가데이터_연구실/eye_left/20250528_174151_346596.jpg,추가데이터_연구실/eye_right/20250528_174151_346596.jpg,추가데이터_연구실/face_grid/20250528_174151_346596.npy,32,1044
20250528_174151_587990,추가데이터_연구실/face_images/20250528_174151_587990.jpg,추가데이터_연구실/eye_left/20250528_174151_587990.jpg,추가데이터_연구실/eye_right/20250528_174151_587990.jpg,추가데이터_연구실/face_grid/20250528_174151_587990.npy,32,1044
20250528_174151_839234,추가데이터_연구실/face_images/20250528_174151_839234.jpg,추가데이터_연구실/eye_left/20250528_174151_839234.jpg,추가데이터_연구실/eye_right/20250528_174151_839234.jpg,추가데이터_연구실/face_grid/20250528_174151_839234.npy,32,1044
20250528_174152_079479,추가데이터_연구실/face_images/20250528_174152_079479.jpg,추가데이터_연구실/eye_left/20250528_174152_079479.jpg,추가데이터_연구실/eye_right/20250528_174152_079479.jpg,추가데이터_연구실/face_grid/20250528_174152_079479.npy,32,1044
20250528_174154_752024,추가데이터_연구실/face_images/20250528_174154_752024.jpg,추가데이터_연구실/eye_left/20250528_174154_752024.jpg,추가데이터_연구실/eye_right/20250528_174154_752024.jpg,추가데이터_연구실/face_grid/20250528_174154_752024.npy,480,1044
20250528_174155_002591,추가데이터_연구실/face_images/20250528_174155_002591.jpg,추가데이터_연구실/eye_left/20250528_174155_002591.jpg,추가데이터_연구실/eye_right/20250528_174155_002591.jpg,추가데이터_연구실/face_grid/20250528_174155_002591.npy,480,1044
20250528_174155_244724,추가데이터_연구실/face_images/20250528_174155_244724.jpg,추가데이터_연구실/eye_left/20250528_174155_244724.jpg,추가데이터_연구실/eye_right/20250528_174155_244724.jpg,추가데이터_연구실/face_grid/20250528_174155_244724.npy,480,1044
20250528_174155_484901,추가데이터_연구실/face_images/20250528_174155_484901.jpg,추가데이터_연구실/eye_left/20250528_174155_484901.jpg,추가데이터_연구실/eye_right/20250528_174155_484901.jpg,추가데이터_연구실/face_grid/20250528_174155_484901.npy,480,1044
20250528_174158_950542,추가데이터_연구실/face_images/20250528_174158_950542.jpg,추가데이터_연구실/eye_left/20250528_174158_950542.jpg,추가데이터_연구실/eye_right/20250528_174158_950542.jpg,추가데이터_연구실/face_grid/20250528_174158_950542.npy,928,1044
20250528_174159_201438,추가데이터_연구실/face_images/20250528_174159_201438.jpg,추가데이터_연구실/eye_left/20250528_174159_201438.jpg,추가데이터_연구실/eye_right/20250528_174159_201438.jpg,추가데이터_연구실/face_grid/20250528_174159_201438.npy,928,1044
20250528_174159_442605,추가데이터_연구실/face_images/20250528_174159_442605.jpg,추가데이터_연구실/eye_left/20250528_174159_442605.jpg,추가데이터_연구실/eye_right/20250528_174159_442605.jpg,추가데이터_연구실/face_grid/20250528_174159_442605.npy,928,1044
20250528_174159_684309,추가데이터_연구실/face_images/20250528_174159_684309.jpg,추가데이터_연구실/eye_left/20250528_174159_684309.jpg,추가데이터_연구실/eye_right/20250528_174159_684309.jpg,추가데이터_연구실/face_grid/20250528_174159_684309.npy,928,1044
20250528_174202_549296,추가데이터_연구실/face_images/20250528_174202_549296.jpg,추가데이터_연구실/eye_left/20250528_174202_549296.jpg,추가데이터_연구실/eye_right/20250528_174202_549296.jpg,추가데이터_연구실/face_grid/20250528_174202_549296.npy,1376,1044
20250528_174202_798715,추가데이터_연구실/face_images/20250528_174202_798715.jpg,추가데이터_연구실/eye_left/20250528_174202_798715.jpg,추가데이터_연구실/eye_right/20250528_174202_798715.jpg,추가데이터_연구실/face_grid/20250528_174202_798715.npy,1376,1044
20250528_174203_045875,추가데이터_연구실/face_images/20250528_174203_045875.jpg,추가데이터_연구실/eye_left/20250528_174203_045875.jpg,추가데이터_연구실/eye_right/20250528_174203_045875.jpg,추가데이터_연구실/face_grid/20250528_174203_045875.npy,1376,1044
20250528_174203_288979,추가데이터_연구실/face_images/20250528_174203_288979.jpg,추가데이터_연구실/eye_left/20250528_174203_288979.jpg,추가데이터_연구실/eye_right/20250528_174203_288979.jpg,추가데이터_연구실/face_grid/20250528_174203_288979.npy,1376,1044
20250528_174206_151352,추가데이터_연구실/face_images/20250528_174206_151352.jpg,추가데이터_연구실/eye_left/20250528_174206_151352.jpg,추가데이터_연구실/eye_right/20250528_174206_151352.jpg,추가데이터_연구실/face_grid/20250528_174206_151352.npy,1888,1044
20250528_174206_403119,추가데이터_연구실/face_images/20250528_174206_403119.jpg,추가데이터_연구실/eye_left/20250528_174206_403119.jpg,추가데이터_연구실/eye_right/20250528_174206_403119.jpg,추가데이터_연구실/face_grid/20250528_174206_403119.npy,1888,1044
20250528_174206_643656,추가데이터_연구실/face_images/20250528_174206_643656.jpg,추가데이터_연구실/eye_left/20250528_174206_643656.jpg,추가데이터_연구실/eye_right/20250528_174206_643656.jpg,추가데이터_연구실/face_grid/20250528_174206_643656.npy,1888,1044
20250528_174206_884798,추가데이터_연구실/face_images/20250528_174206_884798.jpg,추가데이터_연구실/eye_left/20250528_174206_884798.jpg,추가데이터_연구실/eye_right/20250528_174206_884798.jpg,추가데이터_연구실/face_grid/20250528_174206_884798.npy,1888,1044
20250528_174503_276657,추가데이터_연구실/face_images/20250528_174503_276657.jpg,추가데이터_연구실/eye_left/20250528_174503_276657.jpg,추가데이터_연구실/eye_right/20250528_174503_276657.jpg,추가데이터_연구실/face_grid/20250528_174503_276657.npy,32,36
20250528_174503_531401,추가데이터_연구실/face_images/20250528_174503_531401.jpg,추가데이터_연구실/eye_left/20250528_174503_531401.jpg,추가데이터_연구실/eye_right/20250528_174503_531401.jpg,추가데이터_연구실/face_grid/20250528_174503_531401.npy,32,36
20250528_174503_773640,추가데이터_연구실/face_images/20250528_174503_773640.jpg,추가데이터_연구실/eye_left/20250528_174503_773640.jpg,추가데이터_연구실/eye_right/20250528_174503_773640.jpg,추가데이터_연구실/face_grid/20250528_174503_773640.npy,32,36
20250528_174504_025732,추가데이터_연구실/face_images/20250528_174504_025732.jpg,추가데이터_연구실/eye_left/20250528_174504_025732.jpg,추가데이터_연구실/eye_right/20250528_174504_025732.jpg,추가데이터_연구실/face_grid/20250528_174504_025732.npy,32,36
20250528_174506_276346,추가데이터_연구실/face_images/20250528_174506_276346.jpg,추가데이터_연구실/eye_left/20250528_174506_276346.jpg,추가데이터_연구실/eye_right/20250528_174506_276346.jpg,추가데이터_연구실/face_grid/20250528_174506_276346.npy,480,36
20250528_174506_526497,추가데이터_연구실/face_images/20250528_174506_526497.jpg,추가데이터_연구실/eye_left/20250528_174506_526497.jpg,추가데이터_연구실/eye_right/20250528_174506_526497.jpg,추가데이터_연구실/face_grid/20250528_174506_526497.npy,480,36
20250528_174506_767577,추가데이터_연구실/face_images/20250528_174506_767577.jpg,추가데이터_연구실/eye_left/20250528_174506_767577.jpg,추가데이터_연구실/eye_right/20250528_174506_767577.jpg,추가데이터_연구실/face_grid/20250528_174506_767577.npy,480,36
20250528_174507_017651,추가데이터_연구실/face_images/20250528_174507_017651.jpg,추가데이터_연구실/eye_left/20250528_174507_017651.jpg,추가데이터_연구실/eye_right/20250528_174507_017651.jpg,추가데이터_연구실/face_grid/20250528_174507_017651.npy,480,36
20250528_174510_475988,추가데이터_연구실/face_images/20250528_174510_475988.jpg,추가데이터_연구실/eye_left/20250528_174510_475988.jpg,추가데이터_연구실/eye_right/20250528_174510_475988.jpg,추가데이터_연구실/face_grid/20250528_174510_475988.npy,928,36
20250528_174510_725893,추가데이터_연구실/face_images/20250528_174510_725893.jpg,추가데이터_연구실/eye_left/20250528_174510_725893.jpg,추가데이터_연구실/eye_right/20250528_174510_725893.jpg,추가데이터_연구실/face_grid/20250528_174510_725893.npy,928,36
20250528_174510_965908,추가데이터_연구실/face_images/20250528_174510_965908.jpg,추가데이터_연구실/eye_left/20250528_174510_965908.jpg,추가데이터_연구실/eye_right/20250528_174510_965908.jpg,추가데이터_연구실/face_grid/20250528_174510_965908.npy,928,36
20250528_174511_217224,추가데이터_연구실/face_images/20250528_174511_217224.jpg,추가데이터_연구실/eye_left/20250528_174511_217224.jpg,추가데이터_연구실/eye_right/20250528_174511_217224.jpg,추가데이터_연구실/face_grid/20250528_174511_217224.npy,928,36
20250528_174515_477148,추가데이터_연구실/face_images/20250528_174515_477148.jpg,추가데이터_연구실/eye_left/20250528_174515_477148.jpg,추가데이터_연구실/eye_right/20250528_174515_477148.jpg,추가데이터_연구실/face_grid/20250528_174515_477148.npy,1376,36
20250528_174515_727043,추가데이터_연구실/face_images/20250528_174515_727043.jpg,추가데이터_연구실/eye_left/20250528_174515_727043.jpg,추가데이터_연구실/eye_right/20250528_174515_727043.jpg,추가데이터_연구실/face_grid/20250528_174515_727043.npy,1376,36
20250528_174515_966403,추가데이터_연구실/face_images/20250528_174515_966403.jpg,추가데이터_연구실/eye_left/20250528_174515_966403.jpg,추가데이터_연구실/eye_right/20250528_174515_966403.jpg,추가데이터_연구실/face_grid/20250528_174515_966403.npy,1376,36
20250528_174516_218255,추가데이터_연구실/face_images/20250528_174516_218255.jpg,추가데이터_연구실/eye_left/20250528_174516_218255.jpg,추가데이터_연구실/eye_right/20250528_174516_218255.jpg,추가데이터_연구실/face_grid/20250528_174516_218255.npy,1376,36
20250528_174519_075923,추가데이터_연구실/face_images/20250528_174519_075923.jpg,추가데이터_연구실/eye_left/20250528_174519_075923.jpg,추가데이터_연구실/eye_right/20250528_174519_075923.jpg,추가데이터_연구실/face_grid/20250528_174519_075923.npy,1888,36
20250528_174519_326012,추가데이터_연구실/face_images/20250528_174519_326012.jpg,추가데이터_연구실/eye_left/20250528_174519_326012.jpg,추가데이터_연구실/eye_right/20250528_174519_326012.jpg,추가데이터_연구실/face_grid/20250528_174519_326012.npy,1888,36
20250528_174519_565259,추가데이터_연구실/face_images/20250528_174519_565259.jpg,추가데이터_연구실/eye_left/20250528_174519_565259.jpg,추가데이터_연구실/eye_right/20250528_174519_565259.jpg,추가데이터_연구실/face_grid/20250528_174519_565259.npy,1888,36
20250528_174519_815950,추가데이터_연구실/face_images/20250528_174519_815950.jpg,추가데이터_연구실/eye_left/20250528_174519_815950.jpg,추가데이터_연구실/eye_right/20250528_174519_815950.jpg,추가데이터_연구실/face_grid/20250528_174519_815950.npy,1888,36
20250528_174523_274176,추가데이터_연구실/face_images/20250528_174523_274176.jpg,추가데이터_연구실/eye_left/20250528_174523_274176.jpg,추가데이터_연구실/eye_right/20250528_174523_274176.jpg,추가데이터_연구실/face_grid/20250528_174523_274176.npy,32,252
20250528_174523_523976,추가데이터_연구실/face_images/20250528_174523_523976.jpg,추가데이터_연구실/eye_left/20250528_174523_523976.jpg,추가데이터_연구실/eye_right/20250528_174523_523976.jpg,추가데이터_연구실/face_grid/20250528_174523_523976.npy,32,252
20250528_174523_763935,추가데이터_연구실/face_images/20250528_174523_763935.jpg,추가데이터_연구실/eye_left/20250528_174523_763935.jpg,추가데이터_연구실/eye_right/20250528_174523_763935.jpg,추가데이터_연구실/face_grid/20250528_174523_763935.npy,32,252
20250528_174524_014739,추가데이터_연구실/face_images/20250528_174524_014739.jpg,추가데이터_연구실/eye_left/20250528_174524_014739.jpg,추가데이터_연구실/eye_right/20250528_174524_014739.jpg,추가데이터_연구실/face_grid/20250528_174524_014739.npy,32,252
20250528_174526_877540,추가데이터_연구실/face_images/20250528_174526_877540.jpg,추가데이터_연구실/eye_left/20250528_174526_877540.jpg,추가데이터_연구실/eye_right/20250528_174526_877540.jpg,추가데이터_연구실/face_grid/20250528_174526_877540.npy,480,252
20250528_174527_129370,추가데이터_연구실/face_images/20250528_174527_129370.jpg,추가데이터_연구실/eye_left/20250528_174527_129370.jpg,추가데이터_연구실/eye_right/20250528_174527_129370.jpg,추가데이터_연구실/face_grid/20250528_174527_129370.npy,480,252
20250528_174527_370209,추가데이터_연구실/face_images/20250528_174527_370209.jpg,추가데이터_연구실/eye_left/20250528_174527_370209.jpg,추가데이터_연구실/eye_right/20250528_174527_370209.jpg,추가데이터_연구실/face_grid/20250528_174527_370209.npy,480,252
20250528_174527_620923,추가데이터_연구실/face_images/20250528_174527_620923.jpg,추가데이터_연구실/eye_left/20250528_174527_620923.jpg,추가데이터_연구실/eye_right/20250528_174527_620923.jpg,추가데이터_연구실/face_grid/20250528_174527_620923.npy,480,252
20250528_174532_077458,추가데이터_연구실/face_images/20250528_174532_077458.jpg,추가데이터_연구실/eye_left/20250528_174532_077458.jpg,추가데이터_연구실/eye_right/20250528_174532_077458.jpg,추가데이터_연구실/face_grid/20250528_174532_077458.npy,928,252
20250528_174532_331294,추가데이터_연구실/face_images/20250528_174532_331294.jpg,추가데이터_연구실/eye_left/20250528_174532_331294.jpg,추가데이터_연구실/eye_right/20250528_174532_331294.jpg,추가데이터_연구실/face_grid/20250528_174532_331294.npy,928,252
20250528_174532_572081,추가데이터_연구실/face_images/20250528_174532_572081.jpg,추가데이터_연구실/eye_left/20250528_174532_572081.jpg,추가데이터_연구실/eye_right/20250528_174532_572081.jpg,추가데이터_연구실/face_grid/20250528_174532_572081.npy,928,252
20250528_174532_823070,추가데이터_연구실/face_images/20250528_174532_823070.jpg,추가데이터_연구실/eye_left/20250528_174532_823070.jpg,추가데이터_연구실/eye_right/20250528_174532_823070.jpg,추가데이터_연구실/face_grid/20250528_174532_823070.npy,928,252
20250528_174536_077328,추가데이터_연구실/face_images/20250528_174536_077328.jpg,추가데이터_연구실/eye_left/20250528_174536_077328.jpg,추가데이터_연구실/eye_right/20250528_174536_077328.jpg,추가데이터_연구실/face_grid/20250528_174536_077328.npy,1376,252
20250528_174536_328607,추가데이터_연구실/face_images/20250528_174536_328607.jpg,추가데이터_연구실/eye_left/20250528_174536_328607.jpg,추가데이터_연구실/eye_right/20250528_174536_328607.jpg,추가데이터_연구실/face_grid/20250528_174536_328607.npy,1376,252
20250528_174536_569257,추가데이터_연구실/face_images/20250528_174536_569257.jpg,추가데이터_연구실/eye_left/20250528_174536_569257.jpg,추가데이터_연구실/eye_right/20250528_174536_569257.jpg,추가데이터_연구실/face_grid/20250528_174536_569257.npy,1376,252
20250528_174536_821304,추가데이터_연구실/face_images/20250528_174536_821304.jpg,추가데이터_연구실/eye_left/20250528_174536_821304.jpg,추가데이터_연구실/eye_right/20250528_174536_821304.jpg,추가데이터_연구실/face_grid/20250528_174536_821304.npy,1376,252
20250528_174540_676458,추가데이터_연구실/face_images/20250528_174540_676458.jpg,추가데이터_연구실/eye_left/20250528_174540_676458.jpg,추가데이터_연구실/eye_right/20250528_174540_676458.jpg,추가데이터_연구실/face_grid/20250528_174540_676458.npy,1888,252
20250528_174540_927435,추가데이터_연구실/face_images/20250528_174540_927435.jpg,추가데이터_연구실/eye_left/20250528_174540_927435.jpg,추가데이터_연구실/eye_right/20250528_174540_927435.jpg,추가데이터_연구실/face_grid/20250528_174540_927435.npy,1888,252
20250528_174541_168099,추가데이터_연구실/face_images/20250528_174541_168099.jpg,추가데이터_연구실/eye_left/20250528_174541_168099.jpg,추가데이터_연구실/eye_right/20250528_174541_168099.jpg,추가데이터_연구실/face_grid/20250528_174541_168099.npy,1888,252
20250528_174541_420410,추가데이터_연구실/face_images/20250528_174541_420410.jpg,추가데이터_연구실/eye_left/20250528_174541_420410.jpg,추가데이터_연구실/eye_right/20250528_174541_420410.jpg,추가데이터_연구실/face_grid/20250528_174541_420410.npy,1888,252
20250528_174552_474305,추가데이터_연구실/face_images/20250528_174552_474305.jpg,추가데이터_연구실/eye_left/20250528_174552_474305.jpg,추가데이터_연구실/eye_right/20250528_174552_474305.jpg,추가데이터_연구실/face_grid/20250528_174552_474305.npy,32,540
20250528_174552_723139,추가데이터_연구실/face_images/20250528_174552_723139.jpg,추가데이터_연구실/eye_left/20250528_174552_723139.jpg,추가데이터_연구실/eye_right/20250528_174552_723139.jpg,추가데이터_연구실/face_grid/20250528_174552_723139.npy,32,540
20250528_174552_963709,추가데이터_연구실/face_images/20250528_174552_963709.jpg,추가데이터_연구실/eye_left/20250528_174552_963709.jpg,추가데이터_연구실/eye_right/20250528_174552_963709.jpg,추가데이터_연구실/face_grid/20250528_174552_963709.npy,32,540
20250528_174553_214811,추가데이터_연구실/face_images/20250528_174553_214811.jpg,추가데이터_연구실/eye_left/20250528_174553_214811.jpg,추가데이터_연구실/eye_right/20250528_174553_214811.jpg,추가데이터_연구실/face_grid/20250528_174553_214811.npy,32,540
20250528_174556_077521,추가데이터_연구실/face_images/20250528_174556_077521.jpg,추가데이터_연구실/eye_left/20250528_174556_077521.jpg,추가데이터_연구실/eye_right/20250528_174556_077521.jpg,추가데이터_연구실/face_grid/20250528_174556_077521.npy,480,540
20250528_174556_328859,추가데이터_연구실/face_images/20250528_174556_328859.jpg,추가데이터_연구실/eye_left/20250528_174556_328859.jpg,추가데이터_연구실/eye_right/20250528_174556_328859.jpg,추가데이터_연구실/face_grid/20250528_174556_328859.npy,480,540
20250528_174556_569712,추가데이터_연구실/face_images/20250528_174556_569712.jpg,추가데이터_연구실/eye_left/20250528_174556_569712.jpg,추가데이터_연구실/eye_right/20250528_174556_569712.jpg,추가데이터_연구실/face_grid/20250528_174556_569712.npy,480,540
20250528_174556_821439,추가데이터_연구실/face_images/20250528_174556_821439.jpg,추가데이터_연구실/eye_left/20250528_174556_821439.jpg,추가데이터_연구실/eye_right/20250528_174556_821439.jpg,추가데이터_연구실/face_grid/20250528_174556_821439.npy,480,540
20250528_174600_878199,추가데이터_연구실/face_images/20250528_174600_878199.jpg,추가데이터_연구실/eye_left/20250528_174600_878199.jpg,추가데이터_연구실/eye_right/20250528_174600_878199.jpg,추가데이터_연구실/face_grid/20250528_174600_878199.npy,928,540
20250528_174601_129753,추가데이터_연구실/face_images/20250528_174601_129753.jpg,추가데이터_연구실/eye_left/20250528_174601_129753.jpg,추가데이터_연구실/eye_right/20250528_174601_129753.jpg,추가데이터_연구실/face_grid/20250528_174601_129753.npy,928,540
20250528_174601_371655,추가데이터_연구실/face_images/20250528_174601_371655.jpg,추가데이터_연구실/eye_left/20250528_174601_371655.jpg,추가데이터_연구실/eye_right/20250528_174601_371655.jpg,추가데이터_연구실/face_grid/20250528_174601_371655.npy,928,540
20250528_174601_622951,추가데이터_연구실/face_images/20250528_174601_622951.jpg,추가데이터_연구실/eye_left/20250528_174601_622951.jpg,추가데이터_연구실/eye_right/20250528_174601_622951.jpg,추가데이터_연구실/face_grid/20250528_174601_622951.npy,928,540
20250528_174606_275522,추가데이터_연구실/face_images/20250528_174606_275522.jpg,추가데이터_연구실/eye_left/20250528_174606_275522.jpg,추가데이터_연구실/eye_right/20250528_174606_275522.jpg,추가데이터_연구실/face_grid/20250528_174606_275522.npy,1376,540
20250528_174606_526183,추가데이터_연구실/face_images/20250528_174606_526183.jpg,추가데이터_연구실/eye_left/20250528_174606_526183.jpg,추가데이터_연구실/eye_right/20250528_174606_526183.jpg,추가데이터_연구실/face_grid/20250528_174606_526183.npy,1376,540
20250528_174606_765719,추가데이터_연구실/face_images/20250528_174606_765719.jpg,추가데이터_연구실/eye_left/20250528_174606_765719.jpg,추가데이터_연구실/eye_right/20250528_174606_765719.jpg,추가데이터_연구실/face_grid/20250528_174606_765719.npy,1376,540
20250528_174607_017123,추가데이터_연구실/face_images/20250528_174607_017123.jpg,추가데이터_연구실/eye_left/20250528_174607_017123.jpg,추가데이터_연구실/eye_right/20250528_174607_017123.jpg,추가데이터_연구실/face_grid/20250528_174607_017123.npy,1376,540
20250528_174610_475448,추가데이터_연구실/face_images/20250528_174610_475448.jpg,추가데이터_연구실/eye_left/20250528_174610_475448.jpg,추가데이터_연구실/eye_right/20250528_174610_475448.jpg,추가데이터_연구실/face_grid/20250528_174610_475448.npy,1888,540
20250528_174610_724139,추가데이터_연구실/face_images/20250528_174610_724139.jpg,추가데이터_연구실/eye_left/20250528_174610_724139.jpg,추가데이터_연구실/eye_right/20250528_174610_724139.jpg,추가데이터_연구실/face_grid/20250528_174610_724139.npy,1888,540
20250528_174610_963975,추가데이터_연구실/face_images/20250528_174610_963975.jpg,추가데이터_연구실/eye_left/20250528_174610_963975.jpg,추가데이터_연구실/eye_right/20250528_174610_963975.jpg,추가데이터_연구실/face_grid/20250528_174610_963975.npy,1888,540
20250528_174611_214925,추가데이터_연구실/face_images/20250528_174611_214925.jpg,추가데이터_연구실/eye_left/20250528_174611_214925.jpg,추가데이터_연구실/eye_right/20250528_174611_214925.jpg,추가데이터_연구실/face_grid/20250528_174611_214925.npy,1888,540
20250528_174617_075279,추가데이터_연구실/face_images/20250528_174617_075279.jpg,추가데이터_연구실/eye_left/20250528_174617_075279.jpg,추가데이터_연구실/eye_right/20250528_174617_075279.jpg,추가데이터_연구실/face_grid/20250528_174617_075279.npy,32,756
20250528_174617_324878,추가데이터_연구실/face_images/20250528_174617_324878.jpg,추가데이터_연구실/eye_left/20250528_174617_324878.jpg,추가데이터_연구실/eye_right/20250528_174617_324878.jpg,추가데이터_연구실/face_grid/20250528_174617_324878.npy,32,756
20250528_174617_565097,추가데이터_연구실/face_images/20250528_174617_565097.jpg,추가데이터_연구실/eye_left/20250528_174617_565097.jpg,추가데이터_연구실/eye_right/20250528_174617_565097.jpg,추가데이터_연구실/face_grid/20250528_174617_565097.npy,32,756
20250528_174617_816004,추가데이터_연구실/face_images/20250528_174617_816004.jpg,추가데이터_연구실/eye_left/20250528_174617_816004.jpg,추가데이터_연구실/eye_right/20250528_174617_816004.jpg,추가데이터_연구실/face_grid/20250528_174617_816004.npy,32,756
20250528_174620_678911,추가데이터_연구실/face_images/20250528_174620_678911.jpg,추가데이터_연구실/eye_left/20250528_174620_678911.jpg,추가데이터_연구실/eye_right/20250528_174620_678911.jpg,추가데이터_연구실/face_grid/20250528_174620_678911.npy,480,756
20250528_174620_930669,추가데이터_연구실/face_images/20250528_174620_930669.jpg,추가데이터_연구실/eye_left/20250528_174620_930669.jpg,추가데이터_연구실/eye_right/20250528_174620_930669.jpg,추가데이터_연구실/face_grid/20250528_174620_930669.npy,480,756
20250528_174621_171809,추가데이터_연구실/face_images/20250528_174621_171809.jpg,추가데이터_연구실/eye_left/20250528_174621_171809.jpg,추가데이터_연구실/eye_right/20250528_174621_171809.jpg,추가데이터_연구실/face_grid/20250528_174621_171809.npy,480,756
20250528_174621_422252,추가데이터_연구실/face_images/20250528_174621_422252.jpg,추가데이터_연구실/eye_left/20250528_174621_422252.jpg,추가데이터_연구실/eye_right/20250528_174621_422252.jpg,추가데이터_연구실/face_grid/20250528_174621_422252.npy,480,756
20250528_174624_276347,추가데이터_연구실/face_images/20250528_174624_276347.jpg,추가데이터_연구실/eye_left/20250528_174624_276347.jpg,추가데이터_연구실/eye_right/20250528_174624_276347.jpg,추가데이터_연구실/face_grid/20250528_174624_276347.npy,928,756
20250528_174624_524150,추가데이터_연구실/face_images/20250528_174624_524150.jpg,추가데이터_연구실/eye_left/20250528_174624_524150.jpg,추가데이터_연구실/eye_right/20250528_174624_524150.jpg,추가데이터_연구실/face_grid/20250528_174624_524150.npy,928,756
20250528_174624_766519,추가데이터_연구실/face_images/20250528_174624_766519.jpg,추가데이터_연구실/eye_left/20250528_174624_766519.jpg,추가데이터_연구실/eye_right/20250528_174624_766519.jpg,추가데이터_연구실/face_grid/20250528_174624_766519.npy,928,756
20250528_174625_017554,추가데이터_연구실/face_images/20250528_174625_017554.jpg,추가데이터_연구실/eye_left/20250528_174625_017554.jpg,추가데이터_연구실/eye_right/20250528_174625_017554.jpg,추가데이터_연구실/face_grid/20250528_174625_017554.npy,928,756
20250528_174628_475985,추가데이터_연구실/face_images/20250528_174628_475985.jpg,추가데이터_연구실/eye_left/20250528_174628_475985.jpg,추가데이터_연구실/eye_right/20250528_174628_475985.jpg,추가데이터_연구실/face_grid/20250528_174628_475985.npy,1376,756
20250528_174628_725737,추가데이터_연구실/face_images/20250528_174628_725737.jpg,추가데이터_연구실/eye_left/20250528_174628_725737.jpg,추가데이터_연구실/eye_right/20250528_174628_725737.jpg,추가데이터_연구실/face_grid/20250528_174628_725737.npy,1376,756
20250528_174628_966844,추가데이터_연구실/face_images/20250528_174628_966844.jpg,추가데이터_연구실/eye_left/20250528_174628_966844.jpg,추가데이터_연구실/eye_right/20250528_174628_966844.jpg,추가데이터_연구실/face_grid/20250528_174628_966844.npy,1376,756
20250528_174629_216564,추가데이터_연구실/face_images/20250528_174629_216564.jpg,추가데이터_연구실/eye_left/20250528_174629_216564.jpg,추가데이터_연구실/eye_right/20250528_174629_216564.jpg,추가데이터_연구실/face_grid/20250528_174629_216564.npy,1376,756
20250528_174632_275687,추가데이터_연구실/face_images/20250528_174632_275687.jpg,추가데이터_연구실/eye_left/20250528_174632_275687.jpg,추가데이터_연구실/eye_right/20250528_174632_275687.jpg,추가데이터_연구실/face_grid/20250528_174632_275687.npy,1888,756
20250528_174632_528334,추가데이터_연구실/face_images/20250528_174632_528334.jpg,추가데이터_연구실/eye_left/20250528_174632_528334.jpg,추가데이터_연구실/eye_right/20250528_174632_528334.jpg,추가데이터_연구실/face_grid/20250528_174632_528334.npy,1888,756
20250528_174632_772107,추가데이터_연구실/face_images/20250528_174632_772107.jpg,추가데이터_연구실/eye_left/20250528_174632_772107.jpg,추가데이터_연구실/eye_right/20250528_174632_772107.jpg,추가데이터_연구실/face_grid/20250528_174632_772107.npy,1888,756
20250528_174633_023056,추가데이터_연구실/face_images/20250528_174633_023056.jpg,추가데이터_연구실/eye_left/20250528_174633_023056.jpg,추가데이터_연구실/eye_right/20250528_174633_023056.jpg,추가데이터_연구실/face_grid/20250528_174633_023056.npy,1888,756
20250528_174637_076313,추가데이터_연구실/face_images/20250528_174637_076313.jpg,추가데이터_연구실/eye_left/20250528_174637_076313.jpg,추가데이터_연구실/eye_right/20250528_174637_076313.jpg,추가데이터_연구실/face_grid/20250528_174637_076313.npy,32,1044
20250528_174637_325336,추가데이터_연구실/face_images/20250528_174637_325336.jpg,추가데이터_연구실/eye_left/20250528_174637_325336.jpg,추가데이터_연구실/eye_right/20250528_174637_325336.jpg,추가데이터_연구실/face_grid/20250528_174637_325336.npy,32,1044
20250528_174637_565035,추가데이터_연구실/face_images/20250528_174637_565035.jpg,추가데이터_연구실/eye_left/20250528_174637_565035.jpg,추가데이터_연구실/eye_right/20250528_174637_565035.jpg,추가데이터_연구실/face_grid/20250528_174637_565035.npy,32,1044
20250528_174637_816514,추가데이터_연구실/face_images/20250528_174637_816514.jpg,추가데이터_연구실/eye_left/20250528_174637_816514.jpg,추가데이터_연구실/eye_right/20250528_174637_816514.jpg,추가데이터_연구실/face_grid/20250528_174637_816514.npy,32,1044
20250528_174640_478533,추가데이터_연구실/face_images/20250528_174640_478533.jpg,추가데이터_연구실/eye_left/20250528_174640_478533.jpg,추가데이터_연구실/eye_right/20250528_174640_478533.jpg,추가데이터_연구실/face_grid/20250528_174640_478533.npy,480,1044
20250528_174640_729986,추가데이터_연구실/face_images/20250528_174640_729986.jpg,추가데이터_연구실/eye_left/20250528_174640_729986.jpg,추가데이터_연구실/eye_right/20250528_174640_729986.jpg,추가데이터_연구실/face_grid/20250528_174640_729986.npy,480,1044
20250528_174640_971665,추가데이터_연구실/face_images/20250528_174640_971665.jpg,추가데이터_연구실/eye_left/20250528_174640_971665.jpg,추가데이터_연구실/eye_right/20250528_174640_971665.jpg,추가데이터_연구실/face_grid/20250528_174640_971665.npy,480,1044
20250528_174641_222814,추가데이터_연구실/face_images/20250528_174641_222814.jpg,추가데이터_연구실/eye_left/20250528_174641_222814.jpg,추가데이터_연구실/eye_right/20250528_174641_222814.jpg,추가데이터_연구실/face_grid/20250528_174641_222814.npy,480,1044
20250528_174646_677197,추가데이터_연구실/face_images/20250528_174646_677197.jpg,추가데이터_연구실/eye_left/20250528_174646_677197.jpg,추가데이터_연구실/eye_right/20250528_174646_677197.jpg,추가데이터_연구실/face_grid/20250528_174646_677197.npy,928,1044
20250528_174646_928141,추가데이터_연구실/face_images/20250528_174646_928141.jpg,추가데이터_연구실/eye_left/20250528_174646_928141.jpg,추가데이터_연구실/eye_right/20250528_174646_928141.jpg,추가데이터_연구실/face_grid/20250528_174646_928141.npy,928,1044
20250528_174647_167743,추가데이터_연구실/face_images/20250528_174647_167743.jpg,추가데이터_연구실/eye_left/20250528_174647_167743.jpg,추가데이터_연구실/eye_right/20250528_174647_167743.jpg,추가데이터_연구실/face_grid/20250528_174647_167743.npy,928,1044
20250528_174647_419624,추가데이터_연구실/face_images/20250528_174647_419624.jpg,추가데이터_연구실/eye_left/20250528_174647_419624.jpg,추가데이터_연구실/eye_right/20250528_174647_419624.jpg,추가데이터_연구실/face_grid/20250528_174647_419624.npy,928,1044
20250528_174653_876996,추가데이터_연구실/face_images/20250528_174653_876996.jpg,추가데이터_연구실/eye_left/20250528_174653_876996.jpg,추가데이터_연구실/eye_right/20250528_174653_876996.jpg,추가데이터_연구실/face_grid/20250528_174653_876996.npy,1376,1044
20250528_174654_129286,추가데이터_연구실/face_images/20250528_174654_129286.jpg,추가데이터_연구실/eye_left/20250528_174654_129286.jpg,추가데이터_연구실/eye_right/20250528_174654_129286.jpg,추가데이터_연구실/face_grid/20250528_174654_129286.npy,1376,1044
20250528_174654_370587,추가데이터_연구실/face_images/20250528_174654_370587.jpg,추가데이터_연구실/eye_left/20250528_174654_370587.jpg,추가데이터_연구실/eye_right/20250528_174654_370587.jpg,추가데이터_연구실/face_grid/20250528_174654_370587.npy,1376,1044
20250528_174654_621220,추가데이터_연구실/face_images/20250528_174654_621220.jpg,추가데이터_연구실/eye_left/20250528_174654_621220.jpg,추가데이터_연구실/eye_right/20250528_174654_621220.jpg,추가데이터_연구실/face_grid/20250528_174654_621220.npy,1376,1044
20250528_174658_679188,추가데이터_연구실/face_images/20250528_174658_679188.jpg,추가데이터_연구실/eye_left/20250528_174658_679188.jpg,추가데이터_연구실/eye_right/20250528_174658_679188.jpg,추가데이터_연구실/face_grid/20250528_174658_679188.npy,1888,1044
20250528_174658_930853,추가데이터_연구실/face_images/20250528_174658_930853.jpg,추가데이터_연구실/eye_left/20250528_174658_930853.jpg,추가데이터_연구실/eye_right/20250528_174658_930853.jpg,추가데이터_연구실/face_grid/20250528_174658_930853.npy,1888,1044
20250528_174659_172626,추가데이터_연구실/face_images/20250528_174659_172626.jpg,추가데이터_연구실/eye_left/20250528_174659_172626.jpg,추가데이터_연구실/eye_right/20250528_174659_172626.jpg,추가데이터_연구실/face_grid/20250528_174659_172626.npy,1888,1044
20250528_174659_423960,추가데이터_연구실/face_images/20250528_174659_423960.jpg,추가데이터_연구실/eye_left/20250528_174659_423960.jpg,추가데이터_연구실/eye_right/20250528_174659_423960.jpg,추가데이터_연구실/face_grid/20250528_174659_423960.npy,1888,1044
20250528_174753_416866,추가데이터_연구실/face_images/20250528_174753_416866.jpg,추가데이터_연구실/eye_left/20250528_174753_416866.jpg,추가데이터_연구실/eye_right/20250528_174753_416866.jpg,추가데이터_연구실/face_grid/20250528_174753_416866.npy,32,36
20250528_174753_666007,추가데이터_연구실/face_images/20250528_174753_666007.jpg,추가데이터_연구실/eye_left/20250528_174753_666007.jpg,추가데이터_연구실/eye_right/20250528_174753_666007.jpg,추가데이터_연구실/face_grid/20250528_174753_666007.npy,32,36
20250528_174753_917424,추가데이터_연구실/face_images/20250528_174753_917424.jpg,추가데이터_연구실/eye_left/20250528_174753_917424.jpg,추가데이터_연구실/eye_right/20250528_174753_917424.jpg,추가데이터_연구실/face_grid/20250528_174753_917424.npy,32,36
20250528_174754_158090,추가데이터_연구실/face_images/20250528_174754_158090.jpg,추가데이터_연구실/eye_left/20250528_174754_158090.jpg,추가데이터_연구실/eye_right/20250528_174754_158090.jpg,추가데이터_연구실/face_grid/20250528_174754_158090.npy,32,36
20250528_174756_816552,추가데이터_연구실/face_images/20250528_174756_816552.jpg,추가데이터_연구실/eye_left/20250528_174756_816552.jpg,추가데이터_연구실/eye_right/20250528_174756_816552.jpg,추가데이터_연구실/face_grid/20250528_174756_816552.npy,480,36
20250528_174757_060166,추가데이터_연구실/face_images/20250528_174757_060166.jpg,추가데이터_연구실/eye_left/20250528_174757_060166.jpg,추가데이터_연구실/eye_right/20250528_174757_060166.jpg,추가데이터_연구실/face_grid/20250528_174757_060166.npy,480,36
20250528_174757_312080,추가데이터_연구실/face_images/20250528_174757_312080.jpg,추가데이터_연구실/eye_left/20250528_174757_312080.jpg,추가데이터_연구실/eye_right/20250528_174757_312080.jpg,추가데이터_연구실/face_grid/20250528_174757_312080.npy,480,36
20250528_174757_552848,추가데이터_연구실/face_images/20250528_174757_552848.jpg,추가데이터_연구실/eye_left/20250528_174757_552848.jpg,추가데이터_연구실/eye_right/20250528_174757_552848.jpg,추가데이터_연구실/face_grid/20250528_174757_552848.npy,480,36
20250528_174803_217358,추가데이터_연구실/face_images/20250528_174803_217358.jpg,추가데이터_연구실/eye_left/20250528_174803_217358.jpg,추가데이터_연구실/eye_right/20250528_174803_217358.jpg,추가데이터_연구실/face_grid/20250528_174803_217358.npy,928,36
20250528_174803_460315,추가데이터_연구실/face_images/20250528_174803_460315.jpg,추가데이터_연구실/eye_left/20250528_174803_460315.jpg,추가데이터_연구실/eye_right/20250528_174803_460315.jpg,추가데이터_연구실/face_grid/20250528_174803_460315.npy,928,36
20250528_174803_710755,추가데이터_연구실/face_images/20250528_174803_710755.jpg,추가데이터_연구실/eye_left/20250528_174803_710755.jpg,추가데이터_연구실/eye_right/20250528_174803_710755.jpg,추가데이터_연구실/face_grid/20250528_174803_710755.npy,928,36
20250528_174803_952602,추가데이터_연구실/face_images/20250528_174803_952602.jpg,추가데이터_연구실/eye_left/20250528_174803_952602.jpg,추가데이터_연구실/eye_right/20250528_174803_952602.jpg,추가데이터_연구실/face_grid/20250528_174803_952602.npy,928,36
20250528_174807_015924,추가데이터_연구실/face_images/20250528_174807_015924.jpg,추가데이터_연구실/eye_left/20250528_174807_015924.jpg,추가데이터_연구실/eye_right/20250528_174807_015924.jpg,추가데이터_연구실/face_grid/20250528_174807_015924.npy,1376,36
20250528_174807_256885,추가데이터_연구실/face_images/20250528_174807_256885.jpg,추가데이터_연구실/eye_left/20250528_174807_256885.jpg,추가데이터_연구실/eye_right/20250528_174807_256885.jpg,추가데이터_연구실/face_grid/20250528_174807_256885.npy,1376,36
20250528_174807_507955,추가데이터_연구실/face_images/20250528_174807_507955.jpg,추가데이터_연구실/eye_left/20250528_174807_507955.jpg,추가데이터_연구실/eye_right/20250528_174807_507955.jpg,추가데이터_연구실/face_grid/20250528_174807_507955.npy,1376,36
20250528_174807_749110,추가데이터_연구실/face_images/20250528_174807_749110.jpg,추가데이터_연구실/eye_left/20250528_174807_749110.jpg,추가데이터_연구실/eye_right/20250528_174807_749110.jpg,추가데이터_연구실/face_grid/20250528_174807_749110.npy,1376,36
20250528_174811_215308,추가데이터_연구실/face_images/20250528_174811_215308.jpg,추가데이터_연구실/eye_left/20250528_174811_215308.jpg,추가데이터_연구실/eye_right/20250528_174811_215308.jpg,추가데이터_연구실/face_grid/20250528_174811_215308.npy,1888,36
20250528_174811_455096,추가데이터_연구실/face_images/20250528_174811_455096.jpg,추가데이터_연구실/eye_left/20250528_174811_455096.jpg,추가데이터_연구실/eye_right/20250528_174811_455096.jpg,추가데이터_연구실/face_grid/20250528_174811_455096.npy,1888,36
20250528_174811_704199,추가데이터_연구실/face_images/20250528_174811_704199.jpg,추가데이터_연구실/eye_left/20250528_174811_704199.jpg,추가데이터_연구실/eye_right/20250528_174811_704199.jpg,추가데이터_연구실/face_grid/20250528_174811_704199.npy,1888,36
20250528_174811_947516,추가데이터_연구실/face_images/20250528_174811_947516.jpg,추가데이터_연구실/eye_left/20250528_174811_947516.jpg,추가데이터_연구실/eye_right/20250528_174811_947516.jpg,추가데이터_연구실/face_grid/20250528_174811_947516.npy,1888,36
20250528_174815_614983,추가데이터_연구실/face_images/20250528_174815_614983.jpg,추가데이터_연구실/eye_left/20250528_174815_614983.jpg,추가데이터_연구실/eye_right/20250528_174815_614983.jpg,추가데이터_연구실/face_grid/20250528_174815_614983.npy,32,252
20250528_174815_855188,추가데이터_연구실/face_images/20250528_174815_855188.jpg,추가데이터_연구실/eye_left/20250528_174815_855188.jpg,추가데이터_연구실/eye_right/20250528_174815_855188.jpg,추가데이터_연구실/face_grid/20250528_174815_855188.npy,32,252
20250528_174816_105810,추가데이터_연구실/face_images/20250528_174816_105810.jpg,추가데이터_연구실/eye_left/20250528_174816_105810.jpg,추가데이터_연구실/eye_right/20250528_174816_105810.jpg,추가데이터_연구실/face_grid/20250528_174816_105810.npy,32,252
20250528_174816_347052,추가데이터_연구실/face_images/20250528_174816_347052.jpg,추가데이터_연구실/eye_left/20250528_174816_347052.jpg,추가데이터_연구실/eye_right/20250528_174816_347052.jpg,추가데이터_연구실/face_grid/20250528_174816_347052.npy,32,252
20250528_174819_018359,추가데이터_연구실/face_images/20250528_174819_018359.jpg,추가데이터_연구실/eye_left/20250528_174819_018359.jpg,추가데이터_연구실/eye_right/20250528_174819_018359.jpg,추가데이터_연구실/face_grid/20250528_174819_018359.npy,480,252
20250528_174819_259847,추가데이터_연구실/face_images/20250528_174819_259847.jpg,추가데이터_연구실/eye_left/20250528_174819_259847.jpg,추가데이터_연구실/eye_right/20250528_174819_259847.jpg,추가데이터_연구실/face_grid/20250528_174819_259847.npy,480,252
20250528_174819_511196,추가데이터_연구실/face_images/20250528_174819_511196.jpg,추가데이터_연구실/eye_left/20250528_174819_511196.jpg,추가데이터_연구실/eye_right/20250528_174819_511196.jpg,추가데이터_연구실/face_grid/20250528_174819_511196.npy,480,252
20250528_174819_752192,추가데이터_연구실/face_images/20250528_174819_752192.jpg,추가데이터_연구실/eye_left/20250528_174819_752192.jpg,추가데이터_연구실/eye_right/20250528_174819_752192.jpg,추가데이터_연구실/face_grid/20250528_174819_752192.npy,480,252
20250528_174824_422032,추가데이터_연구실/face_images/20250528_174824_422032.jpg,추가데이터_연구실/eye_left/20250528_174824_422032.jpg,추가데이터_연구실/eye_right/20250528_174824_422032.jpg,추가데이터_연구실/face_grid/20250528_174824_422032.npy,928,252
20250528_174824_663534,추가데이터_연구실/face_images/20250528_174824_663534.jpg,추가데이터_연구실/eye_left/20250528_174824_663534.jpg,추가데이터_연구실/eye_right/20250528_174824_663534.jpg,추가데이터_연구실/face_grid/20250528_174824_663534.npy,928,252
20250528_174824_916770,추가데이터_연구실/face_images/20250528_174824_916770.jpg,추가데이터_연구실/eye_left/20250528_174824_916770.jpg,추가데이터_연구실/eye_right/20250528_174824_916770.jpg,추가데이터_연구실/face_grid/20250528_174824_916770.npy,928,252
20250528_174825_158469,추가데이터_연구실/face_images/20250528_174825_158469.jpg,추가데이터_연구실/eye_left/20250528_174825_158469.jpg,추가데이터_연구실/eye_right/20250528_174825_158469.jpg,추가데이터_연구실/face_grid/20250528_174825_158469.npy,928,252
20250528_174828_016527,추가데이터_연구실/face_images/20250528_174828_016527.jpg,추가데이터_연구실/eye_left/20250528_174828_016527.jpg,추가데이터_연구실/eye_right/20250528_174828_016527.jpg,추가데이터_연구실/face_grid/20250528_174828_016527.npy,1376,252
20250528_174828_260162,추가데이터_연구실/face_images/20250528_174828_260162.jpg,추가데이터_연구실/eye_left/20250528_174828_260162.jpg,추가데이터_연구실/eye_right/20250528_174828_260162.jpg,추가데이터_연구실/face_grid/20250528_174828_260162.npy,1376,252
20250528_174828_512034,추가데이터_연구실/face_images/20250528_174828_512034.jpg,추가데이터_연구실/eye_left/20250528_174828_512034.jpg,추가데이터_연구실/eye_right/20250528_174828_512034.jpg,추가데이터_연구실/face_grid/20250528_174828_512034.npy,1376,252
20250528_174828_753769,추가데이터_연구실/face_images/20250528_174828_753769.jpg,추가데이터_연구실/eye_left/20250528_174828_753769.jpg,추가데이터_연구실/eye_right/20250528_174828_753769.jpg,추가데이터_연구실/face_grid/20250528_174828_753769.npy,1376,252
20250528_174832_017682,추가데이터_연구실/face_images/20250528_174832_017682.jpg,추가데이터_연구실/eye_left/20250528_174832_017682.jpg,추가데이터_연구실/eye_right/20250528_174832_017682.jpg,추가데이터_연구실/face_grid/20250528_174832_017682.npy,1888,252
20250528_174832_258089,추가데이터_연구실/face_images/20250528_174832_258089.jpg,추가데이터_연구실/eye_left/20250528_174832_258089.jpg,추가데이터_연구실/eye_right/20250528_174832_258089.jpg,추가데이터_연구실/face_grid/20250528_174832_258089.npy,1888,252
20250528_174832_510184,추가데이터_연구실/face_images/20250528_174832_510184.jpg,추가데이터_연구실/eye_left/20250528_174832_510184.jpg,추가데이터_연구실/eye_right/20250528_174832_510184.jpg,추가데이터_연구실/face_grid/20250528_174832_510184.npy,1888,252
20250528_174832_759271,추가데이터_연구실/face_images/20250528_174832_759271.jpg,추가데이터_연구실/eye_left/20250528_174832_759271.jpg,추가데이터_연구실/eye_right/20250528_174832_759271.jpg,추가데이터_연구실/face_grid/20250528_174832_759271.npy,1888,252
20250528_174836_017158,추가데이터_연구실/face_images/20250528_174836_017158.jpg,추가데이터_연구실/eye_left/20250528_174836_017158.jpg,추가데이터_연구실/eye_right/20250528_174836_017158.jpg,추가데이터_연구실/face_grid/20250528_174836_017158.npy,32,540
20250528_174836_257342,추가데이터_연구실/face_images/20250528_174836_257342.jpg,추가데이터_연구실/eye_left/20250528_174836_257342.jpg,추가데이터_연구실/eye_right/20250528_174836_257342.jpg,추가데이터_연구실/face_grid/20250528_174836_257342.npy,32,540
20250528_174836_509263,추가데이터_연구실/face_images/20250528_174836_509263.jpg,추가데이터_연구실/eye_left/20250528_174836_509263.jpg,추가데이터_연구실/eye_right/20250528_174836_509263.jpg,추가데이터_연구실/face_grid/20250528_174836_509263.npy,32,540
20250528_174836_749208,추가데이터_연구실/face_images/20250528_174836_749208.jpg,추가데이터_연구실/eye_left/20250528_174836_749208.jpg,추가데이터_연구실/eye_right/20250528_174836_749208.jpg,추가데이터_연구실/face_grid/20250528_174836_749208.npy,32,540
20250528_174839_815529,추가데이터_연구실/face_images/20250528_174839_815529.jpg,추가데이터_연구실/eye_left/20250528_174839_815529.jpg,추가데이터_연구실/eye_right/20250528_174839_815529.jpg,추가데이터_연구실/face_grid/20250528_174839_815529.npy,480,540
20250528_174840_056412,추가데이터_연구실/face_images/20250528_174840_056412.jpg,추가데이터_연구실/eye_left/20250528_174840_056412.jpg,추가데이터_연구실/eye_right/20250528_174840_056412.jpg,추가데이터_연구실/face_grid/20250528_174840_056412.npy,480,540
20250528_174840_304793,추가데이터_연구실/face_images/20250528_174840_304793.jpg,추가데이터_연구실/eye_left/20250528_174840_304793.jpg,추가데이터_연구실/eye_right/20250528_174840_304793.jpg,추가데이터_연구실/face_grid/20250528_174840_304793.npy,480,540
20250528_174840_545880,추가데이터_연구실/face_images/20250528_174840_545880.jpg,추가데이터_연구실/eye_left/20250528_174840_545880.jpg,추가데이터_연구실/eye_right/20250528_174840_545880.jpg,추가데이터_연구실/face_grid/20250528_174840_545880.npy,480,540
20250528_174843_417834,추가데이터_연구실/face_images/20250528_174843_417834.jpg,추가데이터_연구실/eye_left/20250528_174843_417834.jpg,추가데이터_연구실/eye_right/20250528_174843_417834.jpg,추가데이터_연구실/face_grid/20250528_174843_417834.npy,928,540
20250528_174843_658126,추가데이터_연구실/face_images/20250528_174843_658126.jpg,추가데이터_연구실/eye_left/20250528_174843_658126.jpg,추가데이터_연구실/eye_right/20250528_174843_658126.jpg,추가데이터_연구실/face_grid/20250528_174843_658126.npy,928,540
20250528_174843_909412,추가데이터_연구실/face_images/20250528_174843_909412.jpg,추가데이터_연구실/eye_left/20250528_174843_909412.jpg,추가데이터_연구실/eye_right/20250528_174843_909412.jpg,추가데이터_연구실/face_grid/20250528_174843_909412.npy,928,540
20250528_174844_150882,추가데이터_연구실/face_images/20250528_174844_150882.jpg,추가데이터_연구실/eye_left/20250528_174844_150882.jpg,추가데이터_연구실/eye_right/20250528_174844_150882.jpg,추가데이터_연구실/face_grid/20250528_174844_150882.npy,928,540
20250528_174849_015081,추가데이터_연구실/face_images/20250528_174849_015081.jpg,추가데이터_연구실/eye_left/20250528_174849_015081.jpg,추가데이터_연구실/eye_right/20250528_174849_015081.jpg,추가데이터_연구실/face_grid/20250528_174849_015081.npy,1376,540
20250528_174849_254111,추가데이터_연구실/face_images/20250528_174849_254111.jpg,추가데이터_연구실/eye_left/20250528_174849_254111.jpg,추가데이터_연구실/eye_right/20250528_174849_254111.jpg,추가데이터_연구실/face_grid/20250528_174849_254111.npy,1376,540
20250528_174849_504829,추가데이터_연구실/face_images/20250528_174849_504829.jpg,추가데이터_연구실/eye_left/20250528_174849_504829.jpg,추가데이터_연구실/eye_right/20250528_174849_504829.jpg,추가데이터_연구실/face_grid/20250528_174849_504829.npy,1376,540
20250528_174849_745344,추가데이터_연구실/face_images/20250528_174849_745344.jpg,추가데이터_연구실/eye_left/20250528_174849_745344.jpg,추가데이터_연구실/eye_right/20250528_174849_745344.jpg,추가데이터_연구실/face_grid/20250528_174849_745344.npy,1376,540
20250528_174854_015510,추가데이터_연구실/face_images/20250528_174854_015510.jpg,추가데이터_연구실/eye_left/20250528_174854_015510.jpg,추가데이터_연구실/eye_right/20250528_174854_015510.jpg,추가데이터_연구실/face_grid/20250528_174854_015510.npy,1888,540
20250528_174854_254475,추가데이터_연구실/face_images/20250528_174854_254475.jpg,추가데이터_연구실/eye_left/20250528_174854_254475.jpg,추가데이터_연구실/eye_right/20250528_174854_254475.jpg,추가데이터_연구실/face_grid/20250528_174854_254475.npy,1888,540
20250528_174854_504348,추가데이터_연구실/face_images/20250528_174854_504348.jpg,추가데이터_연구실/eye_left/20250528_174854_504348.jpg,추가데이터_연구실/eye_right/20250528_174854_504348.jpg,추가데이터_연구실/face_grid/20250528_174854_504348.npy,1888,540
20250528_174854_744896,추가데이터_연구실/face_images/20250528_174854_744896.jpg,추가데이터_연구실/eye_left/20250528_174854_744896.jpg,추가데이터_연구실/eye_right/20250528_174854_744896.jpg,추가데이터_연구실/face_grid/20250528_174854_744896.npy,1888,540
20250528_174858_617452,추가데이터_연구실/face_images/20250528_174858_617452.jpg,추가데이터_연구실/eye_left/20250528_174858_617452.jpg,추가데이터_연구실/eye_right/20250528_174858_617452.jpg,추가데이터_연구실/face_grid/20250528_174858_617452.npy,32,756
20250528_174858_858499,추가데이터_연구실/face_images/20250528_174858_858499.jpg,추가데이터_연구실/eye_left/20250528_174858_858499.jpg,추가데이터_연구실/eye_right/20250528_174858_858499.jpg,추가데이터_연구실/face_grid/20250528_174858_858499.npy,32,756
20250528_174859_109875,추가데이터_연구실/face_images/20250528_174859_109875.jpg,추가데이터_연구실/eye_left/20250528_174859_109875.jpg,추가데이터_연구실/eye_right/20250528_174859_109875.jpg,추가데이터_연구실/face_grid/20250528_174859_109875.npy,32,756
20250528_174859_348748,추가데이터_연구실/face_images/20250528_174859_348748.jpg,추가데이터_연구실/eye_left/20250528_174859_348748.jpg,추가데이터_연구실/eye_right/20250528_174859_348748.jpg,추가데이터_연구실/face_grid/20250528_174859_348748.npy,32,756
20250528_174903_216292,추가데이터_연구실/face_images/20250528_174903_216292.jpg,추가데이터_연구실/eye_left/20250528_174903_216292.jpg,추가데이터_연구실/eye_right/20250528_174903_216292.jpg,추가데이터_연구실/face_grid/20250528_174903_216292.npy,480,756
20250528_174903_457609,추가데이터_연구실/face_images/20250528_174903_457609.jpg,추가데이터_연구실/eye_left/20250528_174903_457609.jpg,추가데이터_연구실/eye_right/20250528_174903_457609.jpg,추가데이터_연구실/face_grid/20250528_174903_457609.npy,480,756
20250528_174903_706702,추가데이터_연구실/face_images/20250528_174903_706702.jpg,추가데이터_연구실/eye_left/20250528_174903_706702.jpg,추가데이터_연구실/eye_right/20250528_174903_706702.jpg,추가데이터_연구실/face_grid/20250528_174903_706702.npy,480,756
20250528_174903_947640,추가데이터_연구실/face_images/20250528_174903_947640.jpg,추가데이터_연구실/eye_left/20250528_174903_947640.jpg,추가데이터_연구실/eye_right/20250528_174903_947640.jpg,추가데이터_연구실/face_grid/20250528_174903_947640.npy,480,756
20250528_174906_819116,추가데이터_연구실/face_images/20250528_174906_819116.jpg,추가데이터_연구실/eye_left/20250528_174906_819116.jpg,추가데이터_연구실/eye_right/20250528_174906_819116.jpg,추가데이터_연구실/face_grid/20250528_174906_819116.npy,928,756
20250528_174907_060287,추가데이터_연구실/face_images/20250528_174907_060287.jpg,추가데이터_연구실/eye_left/20250528_174907_060287.jpg,추가데이터_연구실/eye_right/20250528_174907_060287.jpg,추가데이터_연구실/face_grid/20250528_174907_060287.npy,928,756
20250528_174907_311801,추가데이터_연구실/face_images/20250528_174907_311801.jpg,추가데이터_연구실/eye_left/20250528_174907_311801.jpg,추가데이터_연구실/eye_right/20250528_174907_311801.jpg,추가데이터_연구실/face_grid/20250528_174907_311801.npy,928,756
20250528_174907_553423,추가데이터_연구실/face_images/20250528_174907_553423.jpg,추가데이터_연구실/eye_left/20250528_174907_553423.jpg,추가데이터_연구실/eye_right/20250528_174907_553423.jpg,추가데이터_연구실/face_grid/20250528_174907_553423.npy,928,756
20250528_174910_216416,추가데이터_연구실/face_images/20250528_174910_216416.jpg,추가데이터_연구실/eye_left/20250528_174910_216416.jpg,추가데이터_연구실/eye_right/20250528_174910_216416.jpg,추가데이터_연구실/face_grid/20250528_174910_216416.npy,1376,756
20250528_174910_456239,추가데이터_연구실/face_images/20250528_174910_456239.jpg,추가데이터_연구실/eye_left/20250528_174910_456239.jpg,추가데이터_연구실/eye_right/20250528_174910_456239.jpg,추가데이터_연구실/face_grid/20250528_174910_456239.npy,1376,756
20250528_174910_706710,추가데이터_연구실/face_images/20250528_174910_706710.jpg,추가데이터_연구실/eye_left/20250528_174910_706710.jpg,추가데이터_연구실/eye_right/20250528_174910_706710.jpg,추가데이터_연구실/face_grid/20250528_174910_706710.npy,1376,756
20250528_174910_948653,추가데이터_연구실/face_images/20250528_174910_948653.jpg,추가데이터_연구실/eye_left/20250528_174910_948653.jpg,추가데이터_연구실/eye_right/20250528_174910_948653.jpg,추가데이터_연구실/face_grid/20250528_174910_948653.npy,1376,756
20250528_174913_616162,추가데이터_연구실/face_images/20250528_174913_616162.jpg,추가데이터_연구실/eye_left/20250528_174913_616162.jpg,추가데이터_연구실/eye_right/20250528_174913_616162.jpg,추가데이터_연구실/face_grid/20250528_174913_616162.npy,1888,756
20250528_174913_854322,추가데이터_연구실/face_images/20250528_174913_854322.jpg,추가데이터_연구실/eye_left/20250528_174913_854322.jpg,추가데이터_연구실/eye_right/20250528_174913_854322.jpg,추가데이터_연구실/face_grid/20250528_174913_854322.npy,1888,756
20250528_174914_104250,추가데이터_연구실/face_images/20250528_174914_104250.jpg,추가데이터_연구실/eye_left/20250528_174914_104250.jpg,추가데이터_연구실/eye_right/20250528_174914_104250.jpg,추가데이터_연구실/face_grid/20250528_174914_104250.npy,1888,756
20250528_174914_344863,추가데이터_연구실/face_images/20250528_174914_344863.jpg,추가데이터_연구실/eye_left/20250528_174914_344863.jpg,추가데이터_연구실/eye_right/20250528_174914_344863.jpg,추가데이터_연구실/face_grid/20250528_174914_344863.npy,1888,756
20250528_174917_016962,추가데이터_연구실/face_images/20250528_174917_016962.jpg,추가데이터_연구실/eye_left/20250528_174917_016962.jpg,추가데이터_연구실/eye_right/20250528_174917_016962.jpg,추가데이터_연구실/face_grid/20250528_174917_016962.npy,32,1044
20250528_174917_257806,추가데이터_연구실/face_images/20250528_174917_257806.jpg,추가데이터_연구실/eye_left/20250528_174917_257806.jpg,추가데이터_연구실/eye_right/20250528_174917_257806.jpg,추가데이터_연구실/face_grid/20250528_174917_257806.npy,32,1044
20250528_174917_509312,추가데이터_연구실/face_images/20250528_174917_509312.jpg,추가데이터_연구실/eye_left/20250528_174917_509312.jpg,추가데이터_연구실/eye_right/20250528_174917_509312.jpg,추가데이터_연구실/face_grid/20250528_174917_509312.npy,32,1044
20250528_174917_750860,추가데이터_연구실/face_images/20250528_174917_750860.jpg,추가데이터_연구실/eye_left/20250528_174917_750860.jpg,추가데이터_연구실/eye_right/20250528_174917_750860.jpg,추가데이터_연구실/face_grid/20250528_174917_750860.npy,32,1044
20250528_174920_015531,추가데이터_연구실/face_images/20250528_174920_015531.jpg,추가데이터_연구실/eye_left/20250528_174920_015531.jpg,추가데이터_연구실/eye_right/20250528_174920_015531.jpg,추가데이터_연구실/face_grid/20250528_174920_015531.npy,480,1044
20250528_174920_257321,추가데이터_연구실/face_images/20250528_174920_257321.jpg,추가데이터_연구실/eye_left/20250528_174920_257321.jpg,추가데이터_연구실/eye_right/20250528_174920_257321.jpg,추가데이터_연구실/face_grid/20250528_174920_257321.npy,480,1044
20250528_174920_507678,추가데이터_연구실/face_images/20250528_174920_507678.jpg,추가데이터_연구실/eye_left/20250528_174920_507678.jpg,추가데이터_연구실/eye_right/20250528_174920_507678.jpg,추가데이터_연구실/face_grid/20250528_174920_507678.npy,480,1044
20250528_174920_749396,추가데이터_연구실/face_images/20250528_174920_749396.jpg,추가데이터_연구실/eye_left/20250528_174920_749396.jpg,추가데이터_연구실/eye_right/20250528_174920_749396.jpg,추가데이터_연구실/face_grid/20250528_174920_749396.npy,480,1044
20250528_174923_818078,추가데이터_연구실/face_images/20250528_174923_818078.jpg,추가데이터_연구실/eye_left/20250528_174923_818078.jpg,추가데이터_연구실/eye_right/20250528_174923_818078.jpg,추가데이터_연구실/face_grid/20250528_174923_818078.npy,928,1044
20250528_174924_058685,추가데이터_연구실/face_images/20250528_174924_058685.jpg,추가데이터_연구실/eye_left/20250528_174924_058685.jpg,추가데이터_연구실/eye_right/20250528_174924_058685.jpg,추가데이터_연구실/face_grid/20250528_174924_058685.npy,928,1044
20250528_174924_311143,추가데이터_연구실/face_images/20250528_174924_311143.jpg,추가데이터_연구실/eye_left/20250528_174924_311143.jpg,추가데이터_연구실/eye_right/20250528_174924_311143.jpg,추가데이터_연구실/face_grid/20250528_174924_311143.npy,928,1044
20250528_174924_551072,추가데이터_연구실/face_images/20250528_174924_551072.jpg,추가데이터_연구실/eye_left/20250528_174924_551072.jpg,추가데이터_연구실/eye_right/20250528_174924_551072.jpg,추가데이터_연구실/face_grid/20250528_174924_551072.npy,928,1044
20250528_174927_416592,추가데이터_연구실/face_images/20250528_174927_416592.jpg,추가데이터_연구실/eye_left/20250528_174927_416592.jpg,추가데이터_연구실/eye_right/20250528_174927_416592.jpg,추가데이터_연구실/face_grid/20250528_174927_416592.npy,1376,1044
20250528_174927_655397,추가데이터_연구실/face_images/20250528_174927_655397.jpg,추가데이터_연구실/eye_left/20250528_174927_655397.jpg,추가데이터_연구실/eye_right/20250528_174927_655397.jpg,추가데이터_연구실/face_grid/20250528_174927_655397.npy,1376,1044
20250528_174927_906175,추가데이터_연구실/face_images/20250528_174927_906175.jpg,추가데이터_연구실/eye_left/20250528_174927_906175.jpg,추가데이터_연구실/eye_right/20250528_174927_906175.jpg,추가데이터_연구실/face_grid/20250528_174927_906175.npy,1376,1044
20250528_174928_147860,추가데이터_연구실/face_images/20250528_174928_147860.jpg,추가데이터_연구실/eye_left/20250528_174928_147860.jpg,추가데이터_연구실/eye_right/20250528_174928_147860.jpg,추가데이터_연구실/face_grid/20250528_174928_147860.npy,1376,1044
20250528_174930_818222,추가데이터_연구실/face_images/20250528_174930_818222.jpg,추가데이터_연구실/eye_left/20250528_174930_818222.jpg,추가데이터_연구실/eye_right/20250528_174930_818222.jpg,추가데이터_연구실/face_grid/20250528_174930_818222.npy,1888,1044
20250528_174931_060634,추가데이터_연구실/face_images/20250528_174931_060634.jpg,추가데이터_연구실/eye_left/20250528_174931_060634.jpg,추가데이터_연구실/eye_right/20250528_174931_060634.jpg,추가데이터_연구실/face_grid/20250528_174931_060634.npy,1888,1044
20250528_174931_312602,추가데이터_연구실/face_images/20250528_174931_312602.jpg,추가데이터_연구실/eye_left/20250528_174931_312602.jpg,추가데이터_연구실/eye_right/20250528_174931_312602.jpg,추가데이터_연구실/face_grid/20250528_174931_312602.npy,1888,1044
20250528_174931_553602,추가데이터_연구실/face_images/20250528_174931_553602.jpg,추가데이터_연구실/eye_left/20250528_174931_553602.jpg,추가데이터_연구실/eye_right/20250528_174931_553602.jpg,추가데이터_연구실/face_grid/20250528_174931_553602.npy,1888,1044
